EMG1,EMG2,EMG3,EMG4,EMG5,EMG6,EMG7,EMG8,CLASE
-36,-1,4,-4,-6,1,-1,-19,A
1,-3,-10,-3,-4,-12,7,15,A
-18,-4,0,2,7,13,-18,-30,A
-2,4,2,-5,-10,-12,29,12,A
10,2,-3,1,2,8,2,5,A
5,3,-3,-3,-1,-12,3,10,A
1,-4,6,-1,-6,0,-22,-3,A
-11,6,-1,0,5,22,-8,-8,A
-6,-8,-8,-11,-16,-31,6,1,A
-2,-5,-10,-1,-5,-13,-22,5,A
6,6,4,4,4,18,26,0,A
-8,-3,4,-1,1,-5,22,-9,A
10,2,3,8,13,16,18,14,A
0,-1,0,-3,-12,-28,-52,-11,A
-26,-4,3,4,6,10,36,-4,A
7,3,5,-2,-3,2,-12,-3,A
23,-4,-11,-2,-2,4,-7,1,A
-4,-1,2,1,4,6,59,-5,A
-5,-8,-5,-4,-4,0,-57,-6,A
18,4,3,2,-1,-6,-25,5,A
2,0,8,-4,5,9,1,9,A
-27,-8,-5,-5,-9,-11,-15,-9,A
-3,-10,-13,-2,0,-8,27,9,A
-3,5,5,-3,0,-2,23,7,A
-1,-8,-1,-2,-4,-5,-40,-26,A
28,4,0,3,2,-12,-18,-3,A
3,0,-1,1,4,1,-15,14,A
3,-14,-12,-10,-8,-2,0,5,A
-6,11,14,6,-1,-5,11,-11,A
12,-2,-14,-2,6,29,10,-3,A
-16,-4,10,2,-2,-18,19,8,A
-2,-3,-6,-5,-5,-9,-20,4,A
-4,12,3,2,1,-1,0,-12,A
0,-16,-7,-6,-7,-1,-39,-21,A
-25,9,3,6,1,-1,0,-21,A
29,-3,-3,-5,-4,-2,10,20,A
-18,-4,-5,-8,-8,-3,-16,5,A
10,-2,6,3,1,0,40,26,A
-5,1,-7,4,5,5,-38,0,A
-28,8,9,7,5,1,17,-19,A
17,-11,-13,0,4,6,-32,3,A
-8,7,10,3,1,-2,31,3,A
33,-7,-12,-10,-8,-12,-30,-8,A
-10,-2,-2,2,4,3,-7,-21,A
10,15,8,5,10,4,20,11,A
-4,-17,-12,-5,-5,6,5,-1,A
-6,4,6,3,2,6,43,3,A
-4,-3,-3,-5,2,-4,-44,-10,A
-15,-4,-12,-4,-9,1,-18,-10,A
2,-1,8,-1,3,-6,3,1,A
16,5,-2,-2,-10,-17,-5,-1,A
-15,-7,0,3,1,7,-6,1,A
-28,1,3,2,0,2,33,-15,A
13,-3,-1,-2,-1,-2,-56,13,A
4,1,-5,-3,-1,3,7,8,A
-10,-3,4,2,-3,-1,48,6,A
8,5,-3,-5,2,0,-17,2,A
-18,-2,7,-1,-9,-11,-8,-10,A
13,-3,-3,0,3,7,-24,0,A
3,0,-3,-2,-4,-1,-22,-10,A
-4,-2,8,3,2,-1,27,10,A
-5,7,-8,0,0,4,-1,1,A
-3,-5,3,2,1,0,-4,2,A
-7,1,-5,-4,-3,0,12,0,A
1,-7,-4,-4,-3,-5,-30,-2,A
-4,7,13,2,2,3,18,-2,A
27,-7,-12,-9,-8,-13,25,-10,A
24,-3,-4,4,2,-5,-16,9,A
-22,-9,-4,-3,-5,-4,-13,-10,A
21,1,-5,1,2,1,-4,19,A
-16,5,1,2,4,24,29,-7,A
1,5,5,-4,-6,-23,-16,-4,A
14,-8,-10,-2,-1,-2,2,16,A
-25,-1,-8,0,4,7,29,-23,A
-8,-1,2,-8,-10,-12,-47,-9,A
3,4,1,3,8,9,39,13,A
14,0,-1,-5,-9,0,12,1,A
-18,3,7,-2,-6,-10,-19,-22,A
14,18,18,6,8,7,-12,1,A
-19,-23,-23,2,1,5,-8,-5,A
4,1,-1,-1,-2,-8,9,4,A
-10,-1,-2,-2,2,-3,-4,2,A
0,-1,0,-1,2,-7,-41,-14,A
-11,2,9,-4,-3,4,18,-6,A
-3,-7,-13,-6,0,-3,9,-12,A
-1,0,0,-3,-12,-7,-20,-11,A
1,-5,-3,1,7,18,20,23,A
-8,0,-10,-5,-12,-18,-7,-17,A
19,0,11,6,3,4,14,25,A
21,8,3,1,3,-2,-35,2,A
-16,-16,-16,-6,-3,-1,23,5,A
-21,0,2,-1,-1,12,14,10,A
-5,-1,4,1,-1,-16,-39,-20,A
12,-4,-11,1,7,14,76,18,A
-3,-4,5,4,-2,-1,-33,0,A
5,2,-3,-5,-4,-8,-6,5,A
-19,2,1,-1,2,2,-2,-8,A
-1,-4,0,0,0,-1,-5,-7,A
-13,-4,-14,-4,-9,-4,30,-2,A
16,1,6,1,1,-1,-16,-5,A
-7,6,-1,-2,-1,5,108,13,B
6,-6,-3,-7,-10,-23,-57,-4,B
-3,-5,1,3,5,18,13,5,B
-2,-3,-2,5,8,1,-18,-3,B
-8,-5,-3,-4,-6,-9,-13,-11,B
-2,-6,-3,-8,-9,-8,24,1,B
-4,6,5,4,4,2,-31,-4,B
5,2,-4,-5,-7,-14,25,1,B
-2,-24,0,2,2,-2,-48,-6,B
-2,24,2,-4,-3,4,23,-2,B
1,14,2,0,-2,-5,4,3,B
-6,-4,-4,-5,-7,-13,14,-13,B
3,-5,-3,-2,-2,0,3,-1,B
1,-2,0,1,-1,-3,-33,-2,B
-6,-7,-3,-5,-4,6,27,0,B
-1,-2,0,-4,-5,-7,-11,5,B
-4,1,-2,-4,0,2,-16,-12,B
1,-6,2,4,-1,-4,4,6,B
-6,1,0,2,5,11,17,1,B
4,-2,-3,-5,-4,-5,-16,-4,B
2,2,-1,-4,-3,0,19,15,B
2,8,-2,-2,2,9,5,-2,B
-2,-8,-3,-4,-5,-10,8,-8,B
2,0,2,-1,1,8,12,9,B
-3,-1,-1,-3,-2,-2,-2,-8,B
2,-3,2,3,5,1,0,-3,B
5,-12,-1,-5,-4,1,17,16,B
-6,10,-2,1,1,-6,-2,-10,B
0,2,-3,1,3,7,-19,-1,B
-4,-3,2,3,1,6,20,0,B
-4,-7,-3,2,-1,-1,-13,-3,B
2,-6,2,1,1,-7,-1,1,B
-3,4,0,1,0,-6,-26,-2,B
-12,-6,0,-1,-4,1,21,-3,B
4,2,-2,-1,-3,-4,-12,9,B
1,4,1,4,3,6,6,2,B
2,2,2,5,4,5,7,1,B
0,-7,-6,-4,-3,2,-17,-10,B
0,8,1,1,-1,-6,-22,-4,B
-1,-2,-3,-2,-1,4,-14,1,B
-3,-5,-5,-8,-3,-2,-4,-4,B
1,2,1,1,3,7,38,9,B
-1,5,-1,-4,-4,-12,-9,-10,B
-3,-10,0,1,5,5,-22,4,B
-9,0,-2,-2,-2,8,-24,-2,B
-1,3,-4,-3,-3,1,40,-6,B
-5,-20,-4,-4,-2,-5,11,-1,B
0,24,0,-5,-3,-3,13,-10,B
4,-2,1,2,1,-4,17,8,B
-3,-2,-3,2,3,-6,-32,4,B
0,-13,1,4,5,29,51,3,B
-4,-9,-1,-1,-3,-5,-18,-3,B
1,-1,-4,-2,-4,-15,-28,-5,B
-2,-1,1,1,0,3,-11,-4,B
-2,4,-4,-8,-6,-5,-26,-6,B
-2,-9,-2,-3,-1,-3,24,3,B
1,1,-1,2,0,3,18,-1,B
15,1,0,-2,-2,-4,-4,4,B
1,7,-1,-3,-3,-14,-18,0,B
-4,-1,1,1,2,14,7,-10,B
4,-1,0,-2,-3,-5,26,4,B
-21,-2,-2,2,2,9,-26,-4,B
8,-5,-1,3,0,0,22,11,B
1,6,-3,-8,-7,-3,29,-7,B
1,1,5,8,3,-11,-36,2,B
2,-8,-4,-6,-8,-5,-3,7,B
-8,10,-1,-3,-2,1,-20,-2,B
-2,-15,-3,-2,1,3,17,2,B
-6,-4,-1,-4,0,0,19,-1,B
-3,1,-2,-2,-3,-6,-27,-11,B
6,-4,-4,-3,-2,-5,10,5,B
-1,-1,-1,2,0,-8,-22,-6,B
-7,2,-2,-5,-3,-6,7,-6,B
6,0,-2,-3,-3,8,15,-1,B
-15,-2,-1,0,2,6,22,2,B
0,-2,-3,-2,-4,-5,-18,0,B
-1,4,-1,-2,-3,-1,4,5,B
0,-16,1,1,1,-11,-39,-14,B
-10,17,0,2,1,-3,-28,-11,B
2,-2,-1,3,3,15,58,13,B
0,-15,-4,-6,-5,5,21,-10,B
0,-2,-1,-3,-2,-3,17,8,B
2,2,1,-2,-1,0,-16,0,B
-4,-1,1,3,3,-6,-32,-1,B
7,3,0,2,2,2,0,0,B
-12,-5,-2,-1,0,0,10,-1,B
4,-1,-3,-6,-4,-17,-30,-9,B
-17,-2,0,1,2,29,28,-1,B
9,-4,3,3,-1,-11,10,5,B
5,1,-6,-9,-2,-4,-38,-4,B
-2,1,1,3,2,-2,3,5,B
-2,-7,-4,-5,-7,-15,-7,-2,B
-9,0,-1,0,0,0,-30,-6,B
5,7,3,6,5,12,35,1,B
4,-5,1,-1,-2,-7,-13,5,B
12,0,1,1,0,-3,33,-7,B
-17,-15,-4,-2,-1,-10,-47,-19,B
3,36,4,5,2,-3,13,8,B
-4,-8,-6,-4,1,10,16,0,B
2,13,1,0,-4,-23,-47,-5,B
4,-1,1,1,2,2,18,3,C
-1,1,-1,-2,-4,-3,-21,-5,C
0,-4,-1,3,2,5,-4,2,C
9,6,-2,-3,-5,-5,9,4,C
-3,-6,-2,-2,-1,-2,-15,-2,C
-7,-2,0,-2,0,0,-3,-7,C
0,-7,-1,-1,5,11,30,7,C
7,10,2,1,1,-6,-13,-4,C
4,-6,-3,0,-1,-2,14,9,C
5,-15,2,2,2,-2,-28,-6,C
-8,29,2,-2,-6,-11,7,-8,C
-5,-2,-1,-5,-2,9,4,3,C
0,1,1,0,0,-2,-1,-2,C
-6,-3,-4,-2,-1,-3,10,-3,C
7,-11,-2,1,2,-3,-22,-4,C
1,-2,-1,-3,-1,4,3,1,C
-10,-7,-3,-2,-3,-7,-31,-8,C
7,6,0,1,4,5,5,9,C
-2,-2,0,0,-1,-1,10,2,C
-3,4,-1,1,1,2,0,-4,C
1,-10,-1,-1,-3,-2,-8,-2,C
-8,1,-2,-4,-3,-5,-29,-14,C
-8,-1,-1,-2,-2,0,28,-5,C
11,-3,0,2,-4,-4,-8,10,C
-6,-1,-3,-1,-2,-2,-5,-3,C
3,-1,2,1,-2,-8,-3,2,C
5,0,-2,-2,0,5,24,0,C
-6,-2,-4,-1,-3,-3,-27,-8,C
-2,0,-3,-4,-2,1,12,-4,C
-2,3,0,-2,-2,-1,22,7,C
-2,-10,-2,1,2,7,-19,-3,C
-4,-2,2,0,-5,-11,1,-4,C
-3,2,1,1,0,3,-16,5,C
10,-10,2,0,4,9,20,15,C
-3,12,1,0,-2,-6,10,-2,C
0,-3,-4,-2,2,2,-22,-5,C
1,2,-2,1,0,-6,-10,1,C
-3,-6,-2,-2,-1,10,21,-2,C
0,-3,0,0,1,0,-2,-6,C
2,-1,-4,-2,-1,-10,-7,-3,C
-11,-1,4,-2,-7,-8,4,-5,C
-2,3,-1,1,1,0,6,-1,C
-3,-5,-2,0,0,3,-31,-3,C
-6,-1,0,0,-1,1,15,3,C
23,-1,2,-1,2,10,23,7,C
-1,2,-2,-2,-5,-8,7,-3,C
-5,1,0,-1,-1,-11,-9,6,C
-5,-12,-1,1,2,11,24,-4,C
3,3,-3,-1,0,-4,-20,-6,C
10,3,-2,-2,-3,1,-14,4,C
3,-4,-1,-1,-3,-5,16,-1,C
-12,1,2,0,1,-8,-20,-4,C
-3,-2,0,1,4,24,44,4,C
5,3,-1,0,-1,-7,-12,-10,C
4,-3,-4,-4,-4,-3,-12,3,C
-2,1,-1,1,0,-3,-2,-3,C
0,-3,1,-2,-1,-7,-11,-4,C
-8,-11,-2,2,-4,-4,-35,-8,C
4,7,-1,-4,-8,-6,30,-2,C
0,2,-3,-1,1,3,24,7,C
-4,-3,-3,-1,-2,-6,-21,-3,C
-7,3,0,1,3,0,-28,-6,C
3,-9,0,1,1,-7,-11,-2,C
-20,0,-1,-2,-2,0,13,-10,C
21,4,0,-1,0,-1,-22,3,C
0,-3,-2,-4,1,-4,12,-3,C
-10,2,0,1,-3,-1,-8,9,C
-2,-3,-1,0,3,4,-2,-3,C
-6,-4,-4,-3,-3,-5,-10,-6,C
-1,4,2,0,-1,-2,5,0,C
-2,-6,-2,-1,1,7,-13,-7,C
4,1,1,-2,-4,9,17,13,C
-9,-1,0,-1,-4,-17,-22,-14,C
-2,-3,-3,-3,-4,-3,5,-6,C
-2,1,-2,1,-1,0,4,6,C
15,-2,0,-1,-1,-4,-18,-4,C
0,0,0,-2,2,9,41,10,C
-10,0,-4,-3,-3,-7,-17,-11,C
4,-2,0,-1,-2,-3,-19,-1,C
-4,-3,-1,0,1,0,-12,-6,C
0,-6,-2,-1,0,-8,1,5,C
-9,5,-2,-2,-2,6,34,0,C
11,-2,-3,-1,-1,5,0,-3,C
9,1,-1,-1,-1,-5,-3,9,C
-5,-10,-2,2,3,14,21,6,C
-19,0,0,0,-2,-8,-20,-6,C
11,3,-2,-1,0,-6,-14,-2,C
-5,-4,0,2,0,3,10,2,C
-5,6,-2,-2,-4,-7,-19,-5,C
4,-8,-3,-1,-1,5,20,11,C
-7,-3,-1,-2,0,1,-8,-11,C
0,1,-2,1,-2,-7,-11,-2,C
-5,-2,-1,0,-1,4,3,-7,C
0,2,0,0,0,1,-17,-3,C
3,-4,-1,0,2,5,33,12,C
-7,0,0,0,-5,-7,-20,-9,C
3,2,-3,-2,-4,0,-2,9,C
7,-2,0,0,2,-2,24,3,C
-4,0,-2,-4,-3,-6,-32,-1,C
-12,1,-1,-2,-2,5,2,-6,C
1,-1,-1,-2,-1,-2,0,-1,D
-6,-5,-1,-2,-2,0,0,-2,D
1,-2,-2,-1,-1,0,-2,2,D
-7,-1,-2,-1,-1,0,2,-1,D
-1,1,-1,-2,-3,-3,-3,-2,D
3,0,-1,0,0,1,1,0,D
-2,-2,0,-2,-1,-2,-2,0,D
0,0,-1,0,0,0,-1,-1,D
-3,-4,-1,-3,-4,-1,-2,1,D
-1,0,-1,-3,-2,-1,-1,-1,D
-2,-1,1,-1,3,6,-1,1,D
0,0,0,-2,-9,-14,-3,-1,D
-4,-3,0,0,-1,0,-1,-1,D
3,-1,-2,-1,-1,2,-2,-1,D
-2,-1,-1,-1,-3,-8,0,-2,D
2,-2,-1,0,2,4,1,0,D
-3,-3,-2,-1,-2,-2,-3,-1,D
0,-1,-1,0,-3,1,2,0,D
-2,0,0,-1,0,0,-1,-1,D
1,-1,0,-1,-1,2,-6,-4,D
0,-2,-1,1,-1,0,4,3,D
-2,-2,-1,0,0,0,-2,1,D
-1,0,-1,-2,-3,-3,-2,0,D
2,0,0,0,-1,2,6,6,D
1,2,-1,-2,-1,-3,-14,-9,D
-1,0,0,-1,0,1,4,2,D
-2,-3,-3,-2,-4,-6,-3,0,D
0,-3,-1,0,-2,-1,2,2,D
0,1,0,-1,1,2,2,-2,D
-1,1,0,0,2,0,-2,-3,D
-1,-2,-1,-3,-2,-2,-3,0,D
0,-1,0,-1,2,3,-1,-2,D
-2,-3,-1,-1,1,0,1,1,D
0,-1,-1,-1,-4,-6,-5,-2,D
-2,-2,-3,1,1,2,4,0,D
-2,-1,-2,-2,-1,-5,-3,-2,D
1,-1,0,1,0,0,0,1,D
-1,0,-2,-3,-4,-3,2,-2,D
-1,-2,-1,-1,-2,-3,-4,-2,D
-4,-3,-2,-1,0,3,-1,-2,D
1,-1,-2,0,-1,0,2,1,D
-2,-2,-2,-1,-2,-3,-4,-2,D
0,-1,-1,-2,0,-1,-1,-4,D
-1,0,-1,-2,-1,0,1,1,D
-3,0,-1,-1,0,-3,-1,-4,D
1,-1,-1,1,0,-1,0,-1,D
-4,-2,-2,-1,0,-1,0,-1,D
-1,-2,0,-1,0,0,-3,-1,D
0,2,-1,-2,-1,0,-3,-1,D
-1,-4,-2,2,0,-1,6,3,D
3,0,-1,1,-2,0,1,-1,D
-4,-1,-2,0,0,-1,4,1,D
2,1,-3,-2,-1,-1,-2,-2,D
0,2,-3,-1,1,-2,-6,-3,D
1,2,-3,1,-1,-1,0,-1,D
0,-2,-3,-2,-2,-2,-5,-2,D
-4,0,-2,-2,1,5,3,-2,D
-1,-2,0,-2,-4,-8,-2,-2,D
0,-2,-1,-3,-2,-2,1,2,D
2,-1,-1,0,2,0,-3,0,D
0,-2,0,1,-2,-6,-1,-1,D
-3,-2,-2,0,2,4,-3,-3,D
-1,-3,-1,-1,-2,-2,-1,0,D
0,-2,0,-1,0,2,0,-3,D
2,-1,-3,-2,-3,-2,0,1,D
-1,0,-2,-2,-1,-2,-2,1,D
-4,0,0,-2,0,0,-1,-3,D
4,0,-2,0,-1,0,-2,-2,D
-3,-2,0,-1,-1,-2,0,1,D
-1,-1,0,0,0,-1,-2,1,D
1,-1,-2,0,2,2,-1,3,D
-1,1,0,-1,-7,-5,1,-2,D
0,-3,-1,0,-3,-2,-2,-1,D
-2,-3,-2,-3,-1,-3,-1,-2,D
-1,-1,-1,-1,-2,1,-2,-1,D
-1,-2,0,1,0,0,3,0,D
1,-1,-1,0,3,3,1,0,D
1,1,-1,0,-2,-5,0,0,D
3,0,-1,0,2,0,-2,-2,D
-1,-2,-1,-2,0,1,-5,1,D
-3,-2,-2,-2,-3,-3,-3,-2,D
1,-1,1,0,1,6,0,-3,D
-1,0,-1,-1,0,-4,-2,-3,D
2,1,-2,1,-1,0,4,3,D
-1,-3,-3,-2,-3,-4,1,0,D
-2,-1,-1,-1,-1,0,-2,0,D
-1,-1,1,-1,-2,0,-2,-3,D
-4,-3,-1,0,1,0,-2,-2,D
0,1,-2,-2,-1,-1,-2,1,D
-2,0,-2,-2,-2,0,0,-1,D
0,-2,-2,-1,-3,0,1,1,D
-3,-1,-1,-1,1,-3,-4,-1,D
2,0,-1,1,-1,-1,-3,-1,D
-3,0,-1,-1,-1,1,-3,-5,D
0,-1,-1,0,0,-1,0,0,D
-1,-1,0,-4,-2,-1,3,-1,D
0,-1,2,0,-3,-4,-2,1,D
-2,-2,0,-1,0,1,1,-3,D
-1,-2,-3,-3,-2,-3,0,-1,D
-1,-1,-2,1,-2,-3,-3,-3,D
1,-4,0,-3,-2,1,-12,4,E
3,0,-6,-7,-4,0,-1,2,E
14,11,-2,-2,-3,-6,-1,0,E
-22,-27,6,1,0,-8,-57,-10,E
1,20,-8,1,3,5,18,-10,E
6,11,7,1,-1,-7,-3,1,E
-9,-7,-4,-4,0,6,0,7,E
10,3,12,2,-2,-10,-3,-10,E
-8,-17,-22,-3,-4,-9,7,-10,E
2,-2,4,3,2,-1,-23,-14,E
3,-3,-8,-6,-3,5,10,9,E
-14,0,-2,-2,-1,7,36,10,E
-18,-16,-10,1,-1,-11,-36,-8,E
56,14,21,4,2,1,0,15,E
50,7,0,-2,-1,5,-5,-13,E
-14,1,-2,1,3,4,26,8,E
-6,-12,-4,-3,-3,-11,5,0,E
-17,14,-2,0,1,17,16,-2,E
-11,-17,4,0,-6,-21,-64,-14,E
-3,-2,-6,-3,-2,-4,-3,-5,E
8,-6,9,0,2,6,12,5,E
-6,5,4,2,5,4,13,2,E
-18,3,-10,-4,-5,-7,3,-6,E
-3,2,-3,1,3,2,-10,5,E
0,-4,5,-1,-2,-1,-3,5,E
-2,-10,-11,-7,-1,3,45,8,E
5,-1,-4,-4,-5,-3,-14,17,E
22,16,11,3,1,-1,18,-5,E
-4,1,-9,-12,-9,-11,-31,-6,E
4,-9,-8,-2,-6,-7,-29,-9,E
-9,-6,1,1,4,8,13,-10,E
-5,4,-2,-2,-5,-4,-1,11,E
7,-6,14,0,0,5,6,0,E
-8,4,-2,0,-3,-13,-1,-7,E
-12,-7,-5,2,2,2,20,4,E
-31,-8,4,0,-2,4,-3,-15,E
10,4,-1,6,6,15,46,29,E
-1,2,-6,-5,-5,-11,-43,-1,E
3,-2,5,2,4,10,-3,4,E
-21,5,-9,-7,-6,-10,-19,-12,E
2,-26,-9,-3,-4,-4,16,2,E
14,26,2,0,-2,3,39,15,E
-11,24,11,3,1,5,43,4,E
-24,-17,-9,-3,-1,-14,-64,-6,E
-15,0,-1,1,-3,-1,4,-9,E
29,0,1,0,-2,-1,-16,6,E
-9,-9,2,2,2,3,12,-19,E
1,-7,1,0,2,2,-12,16,E
15,7,-2,1,-1,0,8,2,E
-10,-10,-1,0,2,9,14,-13,E
4,4,-2,-5,-4,0,-15,7,E
9,-8,-3,-3,1,1,41,-5,E
-4,-3,2,0,0,-6,-13,-3,E
-18,-6,-2,-3,-3,5,6,-15,E
-14,-11,1,3,4,10,46,25,E
20,2,7,-4,-5,-6,-30,-6,E
-8,4,1,2,3,0,-1,-7,E
-38,-24,-2,-1,0,-10,-54,-13,E
14,10,-8,0,2,6,40,0,E
36,-16,19,10,6,3,13,4,E
22,7,4,-2,-3,-1,-31,-16,E
-17,-6,-6,-1,2,2,46,19,E
-10,-2,-7,-6,-5,-14,-55,-15,E
-7,-7,-12,-1,-1,0,10,18,E
-2,-1,0,-7,-7,-10,-21,-30,E
4,5,11,4,1,-8,-7,-4,E
2,-12,-10,-5,-3,-7,-7,-6,E
-40,7,-8,-6,-6,-10,-13,-3,E
25,-1,0,2,5,18,62,23,E
3,4,-6,-3,-3,-19,-61,-11,E
12,4,5,0,0,5,18,16,E
-5,1,-3,1,2,1,-26,-10,E
-12,0,-6,-4,-2,1,-14,-5,E
-22,-10,12,4,0,-8,-29,-10,E
10,-6,-1,1,5,9,-15,-6,E
-8,0,-7,-1,-3,7,58,2,E
-10,-3,-2,0,-1,-4,-16,-9,E
9,7,-3,-3,0,9,18,10,E
-6,-18,0,-4,-7,-22,-32,-12,E
0,8,-6,1,3,13,11,2,E
0,9,8,1,-1,-8,0,9,E
33,4,2,-2,-4,2,-3,18,E
-8,5,3,2,0,-1,23,-7,E
9,-24,-6,-5,-3,-4,-17,0,E
-12,-1,-1,5,2,0,-10,-6,E
-2,-2,-4,-2,-2,-1,-4,-7,E
-1,-1,2,-4,-3,5,-11,2,E
24,16,8,2,0,-2,3,21,E
-3,-8,-12,-5,-6,-8,-40,-11,E
-13,3,-4,-4,0,0,-5,-1,E
-4,1,1,2,1,2,16,2,E
-13,2,-5,-3,1,2,8,-7,E
-7,-6,-3,-1,-3,-4,12,1,E
34,5,-7,-1,0,-3,-16,-12,E
-4,-1,2,-2,-3,-1,-10,-6,E
0,6,3,0,-4,0,30,5,E
-12,-2,-1,-3,-2,-3,-1,-1,E
1,-18,-2,1,-2,-3,17,-1,E
-7,33,-1,-2,0,1,0,0,E
-4,-5,-11,-4,-3,-7,-23,-10,E
-4,2,0,-4,-3,-4,-25,-2,F
7,-5,-2,5,2,-2,26,-6,F
-5,5,-5,-7,-9,-7,-21,-4,F
-7,-3,3,-1,-3,1,9,0,F
5,-2,0,2,0,-4,-42,-1,F
5,-3,-11,-12,-11,-8,5,2,F
-13,0,2,0,1,0,19,-5,F
-12,-8,-11,-7,-2,0,13,5,F
-5,-10,0,2,-2,1,1,0,F
25,-4,3,-1,-4,5,0,3,F
-12,16,0,1,-2,-17,-26,-17,F
0,-9,-3,-4,-2,-1,27,4,F
-11,6,3,3,3,3,-15,-1,F
-28,-21,1,2,3,4,9,-3,F
17,-3,-6,-3,-2,1,11,-3,F
3,4,0,1,2,4,1,-2,F
5,-4,-3,-5,-4,-3,19,-1,F
-2,9,3,6,1,-6,-30,2,F
-9,-1,-3,-3,-2,-4,9,1,F
2,2,1,5,2,-3,5,-2,F
-15,-11,-3,-6,-4,0,17,-4,F
16,7,2,-4,-5,-11,-6,4,F
-1,0,0,0,3,7,28,5,F
1,-6,-1,0,-1,-2,-23,-6,F
6,-4,-3,-2,-4,-1,26,4,F
-6,-13,-2,-2,-1,4,21,1,F
28,18,-2,-3,0,3,21,5,F
-1,-14,0,-3,-1,-3,-1,4,F
4,28,5,5,6,-3,-62,-15,F
7,-1,-2,-1,2,6,31,6,F
-5,1,6,-1,-2,4,21,5,F
-2,4,-5,-3,-3,-7,-16,-3,F
3,3,-6,-1,2,1,-3,-4,F
-3,-10,-1,-2,2,7,8,1,F
-8,-9,-2,-2,-3,-10,-71,-5,F
-12,-1,0,-1,-2,6,18,-4,F
-6,-3,0,0,0,-4,-22,12,F
8,16,4,-1,3,9,13,-6,F
-10,-7,-4,-4,-2,0,-2,-2,F
-6,-3,0,0,-5,-8,-35,-14,F
7,1,-3,-3,-1,8,24,5,F
-10,4,-6,-6,-7,-10,-13,0,F
-6,-7,3,4,1,-3,5,-5,F
11,3,2,3,2,3,4,2,F
-15,-11,-2,0,0,0,-6,-1,F
24,6,2,0,0,-2,-17,0,F
-1,1,0,-1,0,-3,2,1,F
-1,2,-2,-1,-3,-3,-35,-1,F
12,-6,-1,1,4,8,68,4,F
-9,3,-1,0,0,-2,-14,0,F
12,6,1,1,3,7,35,5,F
-6,5,0,-2,1,-1,-9,3,F
-1,-12,0,-5,-3,-4,9,-1,F
-3,23,1,2,-2,-2,5,-7,F
-14,-15,-12,-7,-7,0,1,-4,F
2,-2,3,-4,-2,-4,-4,-1,F
1,2,-9,-4,0,-3,-1,0,F
-5,-6,-2,-4,-2,-6,12,-6,F
1,6,1,-2,-2,-7,-47,-1,F
-16,-13,-4,-2,-2,4,25,0,F
23,3,1,0,-2,-3,-9,0,F
-4,-3,-1,1,1,4,-1,2,F
-5,-5,0,-1,-4,-7,-31,-3,F
11,4,-1,0,0,0,-5,0,F
-9,-1,2,1,3,6,-3,3,F
-1,-1,0,2,1,-1,38,-3,F
-1,-7,0,-3,-5,-5,-11,-9,F
20,12,-1,0,1,2,-18,0,F
-2,-24,-1,3,-1,-2,16,-7,F
9,46,2,4,3,9,-2,15,F
-10,-7,2,-1,-2,1,-2,-15,F
1,-7,-1,-1,-1,-5,-5,5,F
-2,3,-2,-2,-4,-10,-40,-13,F
-12,-15,3,0,0,10,32,2,F
-9,1,-7,2,4,12,37,12,F
-2,0,-3,-3,-1,-11,-39,-8,F
0,-10,1,-4,-4,-4,-6,3,F
-22,-20,-2,-3,-1,-5,-15,-8,F
21,20,2,0,1,1,19,4,F
-3,-6,-3,0,2,5,16,3,F
-1,4,0,0,-1,-5,8,3,F
2,-9,-3,-4,-5,-6,-32,-6,F
-11,-2,-1,0,1,3,-3,2,F
-5,0,-1,-1,-2,-6,24,-8,F
3,9,0,1,1,7,34,6,F
-6,-7,-4,-4,-2,-7,-26,-8,F
-3,-4,2,1,1,-2,12,3,F
2,0,1,2,2,15,32,8,F
-6,1,-2,2,-1,-6,-25,-5,F
-8,-30,-5,1,-1,-4,-33,-6,F
17,25,2,3,-1,0,9,2,F
14,7,2,-1,-3,-2,-1,3,F
0,12,1,-2,-2,-5,10,0,F
-4,-20,-6,-3,-5,-2,11,2,F
-6,-15,-4,-6,-4,-4,-10,10,F
-11,-6,-3,-1,-2,-4,-16,-12,F
6,7,4,0,0,0,5,-2,F
8,7,1,-2,3,12,19,3,F
-23,-17,-5,0,-3,-12,-46,-10,F
10,4,-2,1,-2,-2,30,0,F
-7,-20,0,1,0,-7,-13,0,G
1,15,-4,-4,-4,-1,1,3,G
11,12,2,-2,-4,-9,-5,7,G
-21,-13,-8,-2,-1,3,7,-5,G
-16,3,3,0,-3,-1,-1,-11,G
35,-4,1,2,6,2,-4,17,G
0,-6,0,-1,-9,-18,-12,2,G
2,1,-5,-6,-8,-8,-18,-9,G
2,10,1,-1,-2,1,7,2,G
-17,-16,-5,0,-2,6,16,-10,G
23,36,3,1,6,14,0,1,G
-2,-5,-3,-1,-4,-16,-9,-6,G
-9,-10,-1,-2,-1,7,-11,-5,G
-7,4,3,0,-2,-2,30,9,G
1,-2,-13,-2,0,3,0,1,G
-11,-17,2,1,0,5,2,-3,G
-2,16,7,0,1,3,0,0,G
-21,-10,-16,-8,-14,-21,-16,-19,G
6,-11,5,-1,3,16,4,0,G
-12,9,-5,1,-2,-25,7,8,G
-3,-18,-4,-3,-2,-4,-38,-15,G
14,6,7,3,6,19,6,10,G
-17,-5,0,-3,-7,-21,-18,-13,G
6,-2,-9,-4,-1,8,7,-2,G
2,0,5,0,0,-2,15,2,G
-8,-1,-1,-1,1,0,-3,-6,G
0,-1,6,1,2,3,16,2,G
22,9,-12,-2,2,14,6,10,G
-8,-3,0,1,-2,5,-4,-6,G
-18,-31,-4,-4,-5,-22,-9,-4,G
25,27,3,0,-2,1,-2,1,G
-14,-3,8,2,0,1,7,-4,G
16,5,-2,0,3,0,-2,-9,G
8,6,-5,-3,-1,1,-3,1,G
-12,-14,0,1,0,-5,4,2,G
-7,-4,6,4,1,1,-17,-5,G
2,-1,-6,-2,1,3,-1,1,G
9,3,10,2,4,2,5,2,G
-21,-8,-13,-2,-2,-3,-5,-5,G
2,-1,1,-2,-1,6,7,4,G
-14,-9,2,-1,-4,-10,2,6,G
6,4,-5,-1,2,5,10,8,G
-13,-25,6,3,1,3,-13,-9,G
26,48,0,-3,-1,-3,7,8,G
-14,-15,-4,-3,-4,-5,-2,3,G
16,29,1,2,-1,0,3,2,G
3,-7,-3,0,0,3,0,-5,G
-19,-21,-1,-1,-3,-1,0,1,G
17,-9,-5,-2,0,0,16,8,G
-3,5,3,1,0,-2,-6,-2,G
-8,-9,-5,-3,-4,-6,-11,-5,G
-3,-6,0,0,2,1,-4,-4,G
0,-5,-1,-1,-5,-6,-5,-3,G
-1,-9,-2,0,-2,3,-1,2,G
-5,4,1,1,2,0,6,-1,G
1,-17,5,-1,-4,-12,-35,-13,G
1,17,-8,0,-2,1,9,4,G
-4,-5,-6,-2,-1,2,-5,-7,G
-1,10,0,-2,1,4,-6,2,G
-3,-3,-9,-5,-3,-2,-18,-11,G
-2,2,4,-4,-16,-28,5,4,G
3,2,-1,-2,-3,-5,-21,-13,G
-11,-17,14,0,0,11,23,12,G
-7,2,-25,-5,4,13,18,8,G
-7,-4,7,3,3,-3,-14,-21,G
-3,-5,-9,-7,-6,-3,-5,8,G
-3,-28,5,1,-1,-8,-10,-9,G
34,37,5,-1,2,12,15,2,G
-18,-5,-3,-1,3,-2,0,8,G
9,3,1,2,0,-9,-15,-8,G
24,5,-6,-1,3,11,6,11,G
-18,-13,8,2,-2,-5,2,4,G
1,-8,-11,-1,1,6,2,-9,G
3,5,6,-2,3,2,0,0,G
-19,-10,-8,-3,-2,1,30,14,G
18,29,5,-2,-4,-11,-26,-2,G
7,-4,-3,-2,2,13,-6,4,G
-5,-2,-2,2,1,3,-2,-1,G
3,7,-3,-2,-5,-2,-4,-1,G
-13,-16,-2,0,-5,-17,24,10,G
5,9,7,1,5,8,-6,-13,G
-9,-12,-5,0,1,9,-21,-4,G
-1,19,6,-2,-6,-26,-4,-5,G
-8,-24,-8,0,4,8,-3,-7,G
-12,15,7,3,2,10,13,8,G
-10,-21,-7,1,-3,-6,11,-3,G
2,-16,-6,0,1,2,-10,-4,G
-22,4,5,-2,-1,0,-8,-13,G
11,-7,-2,-2,-5,-11,-13,4,G
4,11,-3,-5,-1,5,12,-3,G
-2,1,1,3,3,6,4,0,G
2,-13,-1,0,-2,-7,-1,1,G
-18,-23,-5,-2,1,7,30,2,G
10,14,6,0,-4,-6,-13,2,G
-6,3,-5,-1,1,-10,-37,-20,G
9,-13,-2,0,-3,6,1,1,G
7,10,2,0,0,-15,-4,0,G
-8,-10,-3,-1,-1,17,32,11,G
-12,-2,-4,-4,-7,-26,-6,-3,G
-2,6,10,3,3,-1,-24,-16,G
-4,-5,10,3,-1,-4,2,-9,H
1,2,-12,0,-5,-11,-11,2,H
3,2,21,2,5,10,3,2,H
-4,2,-8,-3,0,6,1,-3,H
-5,-3,-14,-9,-2,5,-4,6,H
-4,-2,-1,0,-9,-16,-8,-13,H
5,0,-9,-3,-7,-19,-1,6,H
-4,-10,8,-1,-5,-11,-1,-5,H
1,9,3,-1,3,10,-2,11,H
-2,7,-7,1,6,19,14,-3,H
-4,4,1,2,0,-3,-2,-3,H
4,-2,2,-2,-2,-1,-7,3,H
1,-5,-4,-2,-1,-5,-1,-4,H
0,-10,-4,-1,0,3,1,2,H
-4,-1,2,-1,-1,0,-5,-8,H
-3,4,-15,-2,0,-4,-3,-3,H
-3,-11,0,-1,-4,-2,-1,-1,H
0,3,4,0,1,-7,-5,4,H
-2,-10,-32,-2,2,10,9,-1,H
2,-5,9,4,2,6,-3,-4,H
1,10,5,-2,-2,-1,7,5,H
0,-3,12,0,-3,-13,-18,-9,H
0,-4,-18,-1,-1,3,-3,-3,H
-7,-2,-10,-4,-4,-5,5,-4,H
4,4,6,-1,2,0,1,7,H
0,-8,-16,0,1,2,-4,0,H
-1,3,14,1,-1,-2,9,4,H
-2,3,6,0,3,-6,-14,-3,H
1,-7,-1,0,-3,-2,1,-14,H
-1,3,8,-3,2,9,-7,-5,H
6,2,12,2,-3,-7,2,14,H
-10,3,3,1,-2,-10,1,-11,H
-2,-2,-1,3,1,0,-3,0,H
-6,-4,-11,-3,2,-1,7,-2,H
3,-1,10,5,1,2,-1,0,H
3,0,-10,-4,0,7,6,5,H
0,-13,-42,-6,-3,-6,-10,-4,H
1,15,26,0,-4,-6,0,5,H
1,-3,-5,4,-2,4,-4,0,H
-4,2,10,3,1,-5,3,-6,H
2,-6,-13,-2,-1,9,6,8,H
2,-5,-10,-2,-7,-17,-9,-7,H
-12,2,6,-5,2,3,-2,0,H
-4,-9,-11,-2,-3,0,3,2,H
-1,4,9,3,2,1,-10,-5,H
6,-3,-1,1,0,12,17,14,H
-2,-1,0,-3,-2,0,-12,-6,H
0,1,-3,-3,1,-14,-6,-2,H
-2,3,10,-1,2,13,1,-2,H
-1,-5,-5,-1,-7,-18,-7,0,H
0,-3,-11,-5,1,-3,-2,-3,H
-1,-13,-1,-5,-9,-15,-10,-9,H
1,26,14,7,-1,-3,0,2,H
-2,-9,-10,-2,-1,3,2,-3,H
-1,-1,-3,-3,-2,5,4,-4,H
2,-1,1,1,1,6,-1,2,H
3,0,2,-4,-1,-5,3,8,H
-4,-4,-33,-8,2,11,-5,-3,H
-2,10,32,3,-2,-8,6,-3,H
2,-10,-17,4,0,8,4,3,H
1,-7,5,-4,-5,-8,-3,1,H
-4,-3,0,0,2,16,7,-8,H
3,6,-5,-5,0,-18,-8,-2,H
-8,13,14,1,-1,2,-2,2,H
-2,-5,-3,2,0,-1,-1,2,H
-1,3,4,0,-6,-7,3,7,H
-2,-6,-6,-2,-1,1,-26,-17,H
2,-12,0,0,2,9,25,1,H
-8,24,0,1,1,1,-8,-15,H
-1,-4,9,1,-1,-7,2,7,H
0,-4,-6,0,1,7,4,2,H
2,9,5,-4,0,-2,-7,7,H
-2,-20,3,-2,2,2,4,1,H
-2,-2,-8,1,4,1,-6,-12,H
-3,-1,-1,-5,-4,-6,-7,3,H
-4,-3,-14,-6,0,3,-5,-1,H
3,-2,-13,-2,-2,-13,11,5,H
4,-1,3,0,1,4,-5,1,H
2,0,3,3,-3,5,14,8,H
-4,-2,1,0,-3,-5,-12,-15,H
0,-5,-5,-7,-2,-1,-9,2,H
-9,-28,11,8,1,-1,-8,-5,H
8,16,-11,-5,0,3,-1,-3,H
-3,9,13,2,-2,1,7,11,H
-4,1,-1,0,-4,-12,-12,-14,H
0,-3,-7,-2,2,2,13,6,H
-6,-8,2,1,2,2,-6,-4,H
0,-1,-5,-1,-3,-4,-1,0,H
1,-4,-12,-3,-3,-2,-1,-1,H
2,1,2,0,-7,-34,-15,-4,H
-6,-7,-5,-1,-3,2,0,0,H
5,-1,5,0,1,6,9,-4,H
0,-1,-3,0,1,2,3,3,H
-2,9,1,0,4,21,6,-3,H
-3,-1,-8,-5,-4,-17,-4,-5,H
6,5,18,1,1,-1,-1,4,H
0,-11,6,-1,-1,5,2,0,H
0,20,-16,-1,0,9,12,6,H
-4,-9,-18,-1,1,4,1,-3,H
-4,-4,8,3,1,-6,-3,-2,H
1,-2,3,1,3,3,15,-1,I
-1,2,2,2,1,11,0,-3,I
-3,-1,2,-6,-11,-25,-18,-11,I
2,-8,-10,3,1,5,41,17,I
0,-7,-3,-1,1,6,36,7,I
-2,2,-1,-4,-4,-8,-28,-7,I
0,3,-8,-2,-1,7,25,11,I
-1,3,11,0,-4,-1,-6,1,I
-1,-3,-3,-2,-4,-12,-43,-14,I
-1,-2,0,0,2,4,11,-1,I
0,0,-2,-4,-5,1,-7,2,I
-1,-5,-9,-6,1,2,-13,-7,I
0,-1,0,-2,-4,-9,-1,2,I
1,4,3,0,0,-4,24,18,I
-3,-1,0,4,0,6,-1,-3,I
-1,1,-1,2,0,-5,-19,-14,I
0,3,9,0,3,0,-21,-6,I
0,-6,-11,-4,0,1,-1,5,I
-2,8,1,-7,-4,-3,-20,1,I
1,-13,-2,-2,2,6,16,8,I
-1,1,4,7,2,2,16,0,I
-5,0,-1,-5,-9,-17,-43,-16,I
2,-2,0,4,7,16,13,3,I
-3,3,-1,-2,0,0,-19,-6,I
-2,-5,-8,-6,-12,-11,-42,-6,I
0,4,6,-2,-5,-6,5,-2,I
-1,1,-4,-4,-5,-9,-8,-9,I
1,-5,-4,0,1,0,2,1,I
0,-1,-3,0,0,1,7,2,I
-1,1,1,2,3,3,15,2,I
-1,-2,-2,-2,1,10,15,7,I
0,6,8,7,5,-10,-7,-11,I
1,-2,-5,-6,-5,-6,4,0,I
-3,-7,-1,-4,-1,0,4,-4,I
0,-3,1,1,2,-1,8,3,I
-1,1,-7,-4,-3,7,-4,4,I
-2,-1,2,1,4,9,5,1,I
4,3,2,0,-2,0,47,2,I
-2,-8,-4,-7,-3,-1,-6,1,I
0,2,1,0,3,1,-10,2,I
-2,5,6,0,-4,-6,-13,-11,I
-1,-3,-11,2,1,5,15,4,I
-2,-4,0,2,1,-4,-22,-6,I
4,1,-2,-2,-6,2,34,8,I
0,2,2,-1,5,3,-20,-13,I
-1,-2,1,-1,2,6,22,6,I
-2,1,2,4,-2,-18,-15,-5,I
-4,-10,-10,-7,-9,-3,-9,0,I
-1,-1,2,2,2,5,6,6,I
-1,0,0,3,1,-5,-33,-1,I
2,5,-5,-3,-3,-1,-11,-5,I
-5,-6,8,0,1,0,-5,-2,I
-1,-5,-10,-4,1,4,6,4,I
-3,6,9,-2,-3,-9,-19,-6,I
-1,-3,2,5,2,1,32,8,I
-1,1,-4,2,3,-3,-40,-10,I
-1,-1,-1,2,-3,0,-3,-1,I
-1,-1,-3,-4,-2,1,-1,-5,I
1,-3,-3,0,1,9,4,1,I
-2,-1,-2,-9,-8,-8,11,-5,I
-3,-3,-3,5,11,8,17,9,I
-3,-1,-5,-10,-18,-29,-12,-4,I
-2,-2,0,-3,-4,-5,-5,-4,I
-1,2,0,1,5,2,-9,-3,I
-1,-4,-1,-1,-3,1,12,9,I
3,0,3,6,6,11,22,13,I
-1,5,2,-2,-2,-1,-13,-5,I
-1,-1,2,-7,-7,-6,11,0,I
-2,-1,-12,-2,-1,-4,-20,-6,I
-1,-4,5,2,1,1,13,3,I
1,-6,-5,-4,-2,-5,-14,-1,I
1,4,4,7,4,0,-28,-2,I
0,1,2,-2,1,2,1,-10,I
-2,1,-3,-2,2,6,-1,-1,I
-1,-2,1,-2,-1,-1,-13,-3,I
-2,0,-4,-1,-4,-6,-30,-8,I
2,-2,0,-5,-5,-1,-1,8,I
-1,-1,-2,3,6,5,17,-2,I
-1,-1,3,0,0,3,49,10,I
-2,10,1,3,1,-3,-23,-6,I
0,-11,-2,-7,-9,-6,14,4,I
0,-2,-1,2,1,1,-20,1,I
-1,-3,-4,-4,-5,-1,13,7,I
1,-1,-2,1,0,-2,28,-6,I
-3,2,4,9,6,2,23,7,I
-5,-2,-3,-3,1,4,-2,-4,I
-2,-3,1,-1,-2,-5,-12,-5,I
1,-3,-3,-3,0,6,5,7,I
0,2,0,2,-2,-3,-7,-12,I
2,9,-7,-4,0,5,11,8,I
-1,0,17,-1,-8,-18,-27,-11,I
-2,-14,-11,-4,-1,4,14,4,I
-4,-3,1,-1,-2,-8,-30,-16,I
0,-1,-2,1,-1,-1,18,6,I
-1,4,-5,0,6,7,2,-4,I
0,4,0,-1,-4,-3,3,3,I
0,-5,-8,-5,-3,-5,-9,2,I
0,0,5,2,0,-1,-2,-4,I
0,0,-2,2,2,1,30,5,I
-6,-5,-3,-5,-7,-7,-30,-3,I
-12,3,3,-1,1,5,4,-10,L
-21,-20,-5,-4,-6,-10,-2,-6,L
31,20,0,-4,-5,-12,14,20,L
-20,-1,-3,1,5,9,-13,-15,L
7,0,8,-5,-3,12,5,6,L
-40,-16,-16,-2,2,-11,1,-5,L
20,-9,-1,0,1,10,14,28,L
-10,8,4,-2,-6,-18,-33,-23,L
1,-12,-5,-2,0,-1,11,-6,L
19,27,9,1,0,-1,-9,14,L
-28,-28,-7,1,1,9,11,11,L
0,-6,3,4,5,6,23,-15,L
-7,1,1,-4,-2,0,-8,8,L
11,5,0,-3,-4,0,-7,-15,L
0,2,-5,-1,-2,-12,10,-5,L
-1,-6,-4,-2,-2,2,10,10,L
-3,3,-2,1,-3,-8,-15,0,L
5,4,3,2,2,6,-2,-18,L
-2,-1,-1,-4,-4,3,4,7,L
-7,-7,-3,-3,-5,-5,5,-8,L
-4,0,-2,2,7,0,-9,3,L
12,1,-2,-2,-2,-3,-15,19,L
-14,-4,2,-1,-1,-4,-9,-13,L
4,3,1,-2,-4,-5,-3,-6,L
9,3,-2,4,2,-7,0,10,L
1,-8,-2,-1,2,20,10,-14,L
8,4,5,2,4,1,-14,-26,L
-13,-1,-6,-3,-6,-6,20,31,L
-3,-2,-4,-4,-8,-12,-24,-35,L
59,17,11,2,2,-4,2,5,L
-7,-6,-10,-2,-4,-6,5,31,L
-3,-12,-10,-1,3,24,3,0,L
-6,5,3,-1,3,5,18,-11,L
-14,-12,-1,2,2,0,-26,2,L
-2,6,5,3,-1,-11,16,-26,L
13,3,5,-3,-4,-8,-2,4,L
-19,4,-1,1,3,4,-2,7,L
-7,5,-2,-4,0,-2,8,-9,L
-9,-16,-1,-2,0,3,-8,2,L
-12,-4,0,2,-2,-5,-15,-5,L
33,4,0,-4,-2,-1,-1,10,L
-8,6,5,-3,-8,-7,12,-13,L
-2,3,-1,1,3,11,7,14,L
-2,-14,-13,-2,0,-6,-11,-2,L
11,2,1,-2,-4,-1,0,6,L
2,1,0,4,4,1,-3,14,L
-8,-5,-3,-2,-4,-1,-6,-32,L
-2,-7,-2,-7,-5,-10,-6,-5,L
-47,-4,-2,0,0,-2,-23,0,L
31,4,-5,-4,-3,-6,1,-22,L
2,5,5,1,-1,6,50,38,L
3,-6,1,-3,-1,-5,-61,-39,L
-8,-10,-4,-3,-4,8,-9,9,L
-14,-5,-1,0,-1,5,0,-17,L
0,3,-1,2,4,3,-3,10,L
13,8,2,0,-2,-23,5,-5,L
-20,-8,-5,-8,-9,0,8,9,L
-11,2,0,2,3,9,-11,1,L
-1,-4,-5,-3,-6,-6,-7,-8,L
0,7,2,-1,2,16,30,34,L
5,8,5,4,2,-15,-32,-31,L
-17,-22,-6,1,0,-2,9,1,L
7,4,-4,-4,0,2,-18,2,L
3,4,0,0,-1,0,14,14,L
13,-6,-4,1,1,0,15,-7,L
-15,9,1,-2,-3,-12,-24,3,L
0,-14,-9,-4,-4,6,-5,11,L
-4,-14,7,4,3,0,0,-6,L
-36,1,-9,-1,-3,0,2,-7,L
10,11,-2,-1,-2,-9,14,29,L
-8,-2,-9,-1,0,-5,-19,-26,L
3,2,-3,-3,-5,-6,29,20,L
-1,-10,3,1,2,3,20,7,L
-13,-5,-2,0,0,3,-12,-9,L
-3,6,7,1,-2,-12,-22,9,L
2,4,-1,7,6,20,24,-1,L
16,-1,-1,-2,-3,-11,-16,13,L
-2,-2,-2,-5,-5,-5,12,1,L
12,1,2,0,2,-1,6,14,L
-3,4,-2,1,-1,-6,-4,7,L
18,0,-2,-2,1,20,7,5,L
-21,-6,-1,-1,0,2,4,-9,L
6,6,2,-1,-6,-11,-17,2,L
-7,0,-1,0,3,6,3,-17,L
2,-5,-2,1,-2,-6,9,12,L
21,-6,-1,1,1,0,26,4,L
-22,1,-2,1,5,8,0,-8,L
-2,3,-2,-4,-3,-9,-30,-2,L
9,-3,-2,1,1,-2,8,1,L
-30,-16,1,2,1,9,-10,-18,L
8,15,-4,-1,-5,-9,1,-6,L
36,13,5,1,0,4,6,5,L
-6,-8,-7,-1,0,-8,-21,-13,L
-5,0,1,-2,-3,-3,-10,7,L
10,-3,-2,-3,1,10,0,1,L
-43,-5,-1,-3,-5,-8,0,-15,L
-12,3,4,0,2,16,29,24,L
29,-2,-7,-2,-2,-10,-25,-5,L
-1,-5,1,3,5,0,-13,-7,L
8,-1,-3,-4,-2,3,4,-1,L
2,-2,-1,0,-2,-14,8,-1,M
-13,-3,-2,0,4,36,10,3,M
-8,0,0,4,0,-23,-18,-8,M
22,1,-2,-4,-4,-14,-10,2,M
-25,-3,-2,-3,1,13,16,0,M
11,1,-2,-1,-4,-3,9,5,M
-10,2,0,-1,-4,-3,-14,-4,M
-2,-5,-4,-2,-1,10,9,-1,M
8,-2,-3,-1,-3,-8,-4,-1,M
-15,-4,-2,1,1,6,-5,-5,M
18,4,1,-3,-1,12,9,6,M
-31,-8,-2,-3,-3,-14,-4,-7,M
-12,-2,-1,1,-1,-5,-9,-12,M
15,4,1,1,-2,-8,1,8,M
1,-1,-1,-1,-2,2,-17,-2,M
-3,1,0,-2,1,4,8,2,M
2,-1,-1,-4,-6,-10,-7,-3,M
-17,-3,-2,-3,-3,-6,-1,-6,M
9,-2,2,0,-1,1,9,5,M
-21,-2,0,-1,2,8,11,-3,M
2,-1,1,0,-1,-1,-9,2,M
0,1,2,-1,-3,-13,-35,-11,M
6,0,-2,-1,1,15,2,2,M
-8,-3,-1,-2,-6,-22,-14,-6,M
4,1,1,0,-3,13,25,3,M
18,1,-2,-1,4,-15,18,8,M
-9,-3,-1,-3,-11,-23,-28,-6,M
1,-1,0,3,4,12,18,3,M
12,3,-3,-2,0,-7,-9,1,M
-15,-10,-4,-2,2,16,-5,-1,M
-6,3,-4,-5,2,1,-6,-8,M
-7,1,-3,3,0,1,4,-4,M
-8,0,1,1,-1,-6,-25,1,M
9,0,-2,0,-2,0,12,1,M
7,-2,-1,-3,-2,-2,20,7,M
-10,-2,-4,-3,-3,-14,-14,-5,M
-8,-2,-2,-4,-5,-5,-16,-10,M
-2,1,1,-2,-5,-1,2,-1,M
-12,-1,-2,1,0,-4,3,2,M
2,-2,0,-1,2,13,3,1,M
1,1,2,4,5,14,8,3,M
-7,-2,-1,-1,-2,-19,-17,-5,M
0,-1,-2,2,2,7,-1,0,M
-1,2,1,-3,-8,-2,-12,-1,M
12,0,-2,-4,-3,-12,36,6,M
-25,-7,-3,0,-1,8,-1,-7,M
-8,-1,1,1,4,3,6,0,M
4,-6,-2,1,1,13,-32,-6,M
18,4,3,1,-4,-26,-3,3,M
-7,-2,-5,-4,1,8,8,-4,M
9,-1,5,0,-2,-6,15,4,M
16,0,-2,-1,1,3,7,6,M
-4,-4,-2,1,2,6,-22,-8,M
-7,-1,3,0,1,1,-1,-2,M
2,0,-3,-3,-4,-6,-7,-3,M
-6,2,-3,-2,-2,4,20,1,M
-5,-5,-1,0,3,10,0,-3,M
-2,2,-1,-3,-5,-15,-18,-3,M
-6,-2,-1,-2,-4,10,7,-2,M
-11,-2,1,-1,-1,-13,0,0,M
25,3,-6,-3,-4,-13,15,7,M
0,0,2,0,1,6,4,1,M
-3,-3,-3,1,0,2,4,-4,M
7,-2,-3,-1,1,4,21,6,M
-6,0,1,-1,3,-2,-18,-1,M
3,0,-4,-1,-4,0,-23,-7,M
-24,-3,-2,-3,-3,-17,-12,-4,M
9,1,0,-2,-2,-7,-7,0,M
-17,-2,-3,-2,-2,4,6,-6,M
8,0,-1,0,-2,17,20,4,M
5,0,-1,1,-2,-19,-20,-5,M
-5,1,1,0,2,9,7,0,M
-1,-2,-1,-2,-4,-4,2,2,M
0,0,-2,-1,-5,-7,-16,-4,M
-4,-2,-2,-1,4,21,1,-2,M
8,1,0,0,-5,-21,-14,-4,M
-13,-3,-4,-2,0,8,29,6,M
-7,1,1,2,2,-6,-25,-10,M
-9,-7,-5,-5,-1,1,-12,0,M
-22,-5,-2,1,0,2,-7,-9,M
17,3,5,6,2,-3,-11,4,M
10,1,0,-1,-1,-3,20,10,M
10,3,-1,-1,-1,-5,-5,-1,M
-6,-3,-2,-4,-2,8,-5,-2,M
-10,-5,-4,-2,4,20,7,-3,M
0,-1,0,-7,-7,-29,11,-1,M
5,-2,-3,0,-1,-1,-7,3,M
6,1,3,-2,-4,-4,16,-3,M
-6,-1,-1,1,1,6,-14,-3,M
3,0,2,0,3,13,14,2,M
-7,-2,-2,0,0,0,-4,-2,M
-3,-1,-4,-2,1,0,-13,-9,M
18,2,-1,-3,0,-4,8,4,M
-42,-5,-3,-3,-2,-8,-16,-12,M
36,7,3,-2,-6,-18,19,13,M
0,-5,-2,1,2,7,-33,5,M
-10,0,1,2,0,-16,3,-6,M
-9,-3,-2,-2,-2,7,22,5,M
11,0,0,-1,3,3,-34,-16,M
13,-1,-1,-3,0,-2,16,4,M
-3,-1,2,1,2,9,12,16,N
12,0,-4,-6,-7,-8,-7,-7,N
-18,0,1,3,4,3,0,-9,N
0,-1,1,3,6,14,1,-10,N
-14,-2,0,-1,-5,-9,1,16,N
9,-3,1,0,1,8,6,13,N
16,3,-3,-3,-3,-17,-7,-11,N
-9,-5,-6,-5,-1,-6,0,-7,N
-7,0,0,-2,-3,13,0,-18,N
8,2,1,0,3,-1,6,20,N
-27,-2,0,-4,-2,13,0,-9,N
9,1,0,-2,-5,-6,-2,10,N
-1,-3,2,3,7,12,0,-18,N
-12,-3,-1,0,3,0,-3,-7,N
-14,-3,-2,-2,-8,-18,-2,7,N
24,2,-3,-5,-4,2,2,-1,N
1,6,0,0,-2,2,-6,1,N
-37,-10,-1,-1,1,6,0,-18,N
10,4,0,3,5,14,4,20,N
-19,-8,-3,-7,-10,-21,-13,-24,N
16,1,-2,-1,4,7,-2,-9,N
-9,-2,-3,-3,-8,-22,-4,0,N
1,1,1,0,0,0,-6,0,N
15,2,-4,1,-1,-3,6,6,N
-31,-8,-2,-3,-4,-8,-3,-14,N
10,1,-1,-1,-1,10,-3,5,N
0,-1,-2,-5,-9,-21,0,3,N
-21,-4,-4,-5,0,8,-5,-14,N
4,-1,0,1,5,1,1,11,N
7,2,-4,-4,-1,9,2,-9,N
-8,-2,-1,0,-6,-11,-4,-3,N
-5,3,3,2,4,-18,-5,17,N
-4,-4,-3,-1,-7,-9,-2,-7,N
-6,3,-1,0,0,8,-7,-34,N
-11,-2,2,2,5,6,4,8,N
-10,-5,0,-2,-4,-5,-6,-10,N
5,5,6,1,4,13,0,2,N
-6,-5,-8,-3,-8,-25,-2,0,N
3,-2,-4,-2,0,7,-1,-11,N
-2,1,4,5,4,8,1,-11,N
20,5,2,2,7,15,2,7,N
-23,-2,-2,-5,-9,-29,-7,-5,N
4,-2,1,0,-1,-3,0,7,N
-13,1,0,2,-1,2,0,0,N
5,0,-1,-4,2,20,5,2,N
11,-1,2,1,3,5,1,17,N
-2,-2,-3,-4,0,-5,-8,-28,N
-18,-6,-2,-2,-6,-13,-6,7,N
14,3,-3,0,0,-3,6,13,N
-11,-2,-1,-3,3,17,3,-10,N
-5,-3,0,-1,-3,-6,0,18,N
5,0,-2,-3,2,15,4,18,N
-11,-4,-6,-3,-2,-19,-9,-36,N
-2,1,1,2,6,23,4,4,N
-14,1,-3,-1,-8,-26,-12,-9,N
-10,0,3,2,3,26,11,-3,N
2,0,-2,1,-7,-36,-10,9,N
8,0,0,-1,6,9,7,4,N
11,1,-1,4,12,25,4,-4,N
0,-7,-4,-7,-13,-18,-8,-8,N
0,-1,-1,-2,6,27,15,-18,N
-5,-5,2,-2,-9,-38,-14,-7,N
18,2,-4,-2,1,5,-2,11,N
-6,1,-1,0,-11,-12,-2,-16,N
-12,-11,2,-3,-1,-8,-9,-23,N
16,6,-4,1,2,14,10,22,N
12,2,-5,-5,-1,6,4,1,N
10,0,-1,3,7,-4,-7,-6,N
-4,-1,-5,-4,-8,-4,0,16,N
-13,-3,1,2,1,5,0,-22,N
4,-3,-1,-2,0,3,-3,5,N
12,-4,-2,4,8,4,5,1,N
-6,-6,-7,-4,-5,-2,-5,-2,N
0,1,-3,-2,-2,-6,-5,-2,N
-8,1,1,-2,-6,-12,-2,-1,N
5,2,-2,-1,-2,1,2,4,N
-13,-4,0,-1,-3,15,12,20,N
0,0,1,3,1,-33,-12,-9,N
-21,1,3,-4,-9,4,-1,6,N
-11,-5,-2,0,2,-6,-12,4,N
-12,-1,0,0,2,-6,-2,1,N
30,3,1,3,3,17,4,6,N
-18,-8,2,0,4,0,-3,-4,N
43,8,0,-2,-1,-7,4,14,N
6,5,-2,-3,-4,-6,-5,-8,N
8,-6,-3,-5,-1,28,4,5,N
17,1,1,3,-1,-15,3,10,N
-15,-6,-3,-1,3,8,-1,-8,N
1,6,7,1,1,0,-4,-3,N
-7,-4,1,-2,-5,-14,-8,-14,N
9,1,-4,-3,0,4,2,7,N
-17,-5,-3,-4,-2,1,-2,-23,N
11,-1,-1,1,-4,-4,-3,6,N
0,-1,-3,-4,-4,1,1,10,N
4,-2,-1,1,4,3,-5,-18,N
3,1,0,-3,-3,13,4,14,N
-17,-3,0,0,3,13,0,-10,N
24,4,-5,1,-6,-34,-10,8,N
-11,-8,-5,-3,0,12,4,-6,N
-4,0,-1,-2,0,2,3,18,N
-1,-1,-3,-2,-1,-1,6,0,O
0,0,0,0,-2,-3,-7,-3,O
2,2,1,3,3,3,18,7,O
-3,-6,-4,-1,5,15,0,-4,O
-2,-1,-4,-2,-6,-22,-4,-1,O
-5,-1,-2,-3,1,20,-8,-2,O
1,0,-1,-3,-8,-34,-3,-6,O
1,3,1,1,1,2,2,10,O
-1,-4,-1,-1,3,6,-6,-3,O
-2,-2,0,-4,-8,-18,-9,-4,O
-4,-3,-2,-5,-5,11,-8,-6,O
2,0,2,0,-2,-11,4,0,O
-3,1,4,4,2,1,-9,-5,O
2,0,0,1,4,0,13,6,O
-5,-5,-3,1,2,6,-7,-2,O
1,0,-2,-6,-7,-5,4,-1,O
-2,-2,1,1,0,5,-10,-4,O
-2,-1,-2,-1,0,1,6,0,O
-3,0,1,1,0,-2,-17,-10,O
0,0,1,2,3,7,3,4,O
2,0,1,1,-3,-17,-4,-2,O
1,0,0,1,2,-7,-9,-5,O
-1,1,1,0,4,13,3,2,O
-1,-2,-4,-8,-10,-16,-13,-4,O
-4,-3,-2,-1,-3,-10,-12,-4,O
-1,0,0,0,-1,4,26,5,O
-1,-2,-1,2,3,3,-7,-5,O
1,6,5,0,-2,1,7,0,O
-2,-6,-5,-3,0,5,6,1,O
2,0,-1,-3,-3,-3,-27,-8,O
-1,-1,1,0,2,-4,9,4,O
1,-1,-2,0,1,2,-1,1,O
1,4,1,0,-1,-2,-6,-4,O
-4,-3,-3,-3,-4,-1,-12,-4,O
3,-3,-3,-5,-6,-8,-5,-3,O
0,-2,-1,3,6,0,-2,-3,O
0,0,1,-1,1,6,12,4,O
1,1,4,5,5,-1,10,7,O
-2,-2,1,-5,-9,-3,-15,-3,O
0,-3,-1,0,7,19,4,-2,O
-1,-2,-3,-2,-7,-29,-16,-5,O
-2,-2,-2,-2,2,1,-4,-3,O
0,0,1,1,-2,1,11,2,O
-1,-5,-2,0,-3,0,6,4,O
-3,1,1,0,4,11,5,-2,O
0,0,1,2,-1,2,1,7,O
-1,1,-2,-2,0,-7,-10,-3,O
-2,-2,-3,-3,-3,-2,-4,-1,O
-2,-1,1,0,6,8,10,1,O
-3,-3,-3,-4,-8,-13,-37,-17,O
1,0,-1,1,3,5,21,5,O
-1,0,-1,2,-1,2,19,5,O
2,0,3,-3,-6,-3,-9,2,O
-2,5,-2,-5,-6,-11,1,-2,O
-2,-9,-7,0,0,0,-9,-4,O
-4,-2,1,-1,-1,-10,-24,-7,O
-1,-2,-3,-2,3,19,24,1,O
0,-2,0,-1,-1,1,0,0,O
-5,2,3,-2,-5,-7,5,0,O
1,1,-1,-2,1,9,8,1,O
0,0,-1,1,-3,-14,-14,-2,O
0,0,0,0,-3,1,13,1,O
-3,-1,-3,-2,1,-1,-2,-1,O
0,-1,3,2,2,4,-2,-3,O
-1,-2,-9,-2,2,8,1,3,O
-1,-5,-6,-5,-2,4,-3,-5,O
2,1,-1,0,-6,-19,-11,-8,O
-2,0,-1,-2,0,5,7,5,O
-1,-1,0,-2,-2,-12,-15,-8,O
-4,-4,-3,2,-2,-5,5,1,O
3,2,0,1,8,15,13,8,O
-2,-2,1,-3,-6,-9,-27,-14,O
0,-1,-1,2,6,6,19,8,O
-3,-4,0,0,2,6,-7,-3,O
1,3,-1,-5,-4,-2,7,2,O
3,0,-1,0,-1,-8,-2,2,O
0,0,-2,-2,-2,5,11,2,O
2,-1,-2,-1,-1,-8,-4,-1,O
-3,-1,0,1,1,4,4,2,O
-2,0,-3,-2,-1,-13,-13,-5,O
1,-2,-2,-3,-5,0,-9,-3,O
0,-2,0,0,-2,-4,18,8,O
-2,-4,1,1,2,-6,-2,2,O
-2,-3,-2,-2,-2,6,5,3,O
-1,5,5,1,-1,2,-8,-10,O
-2,-6,-6,2,7,0,-1,1,O
-1,2,0,-3,-2,3,-7,-2,O
0,-5,-2,-2,-4,-4,16,4,O
-1,1,-1,0,0,5,-4,2,O
1,2,-1,-5,-5,-10,-6,-4,O
-4,-3,0,-1,-8,-3,9,-2,O
-1,0,-5,1,-1,-4,1,-2,O
-2,-3,-1,-2,-4,-5,1,1,O
1,1,0,1,5,10,11,2,O
3,1,0,-1,-2,-8,-24,-10,O
0,-2,0,-3,-4,-7,-3,0,O
-2,-2,-1,-1,-2,4,3,2,O
-5,-2,0,-1,-1,-3,-4,-3,O
0,-3,-1,-2,0,2,-3,4,O
-2,-3,-1,-1,-3,-4,5,-6,O
2,2,1,-1,0,-2,-3,0,P
1,-2,-5,-5,0,3,0,-2,P
-3,-3,-7,-2,-2,0,1,1,P
-1,0,4,2,2,22,5,-5,P
-1,-3,-5,-3,-8,-31,-11,2,P
7,-6,16,3,2,5,2,0,P
7,17,3,-1,3,5,1,3,P
-9,-8,-16,-2,-8,-24,-7,-5,P
0,-1,-7,-5,2,19,3,-2,P
-6,-5,-1,-3,-6,-20,-4,1,P
-10,-5,5,1,7,14,2,-2,P
0,1,5,0,-1,-2,-2,-1,P
11,6,-2,0,5,27,7,2,P
-11,-6,-8,-4,-10,-19,-13,-6,P
5,5,-8,-1,-4,-5,1,1,P
-8,-5,13,2,-1,-12,-4,0,P
13,-1,-2,2,-1,6,-1,6,P
-12,-1,-2,1,5,15,6,-2,P
-8,-1,-7,-7,-5,-15,-13,-10,P
-3,1,4,1,1,8,2,-3,P
5,1,3,0,4,3,8,0,P
7,7,8,2,-2,-30,-10,4,P
7,-8,-5,1,-1,4,4,1,P
5,-4,-8,-6,-2,-6,-3,-4,P
-12,-3,4,-5,-2,-2,-6,-7,P
4,-3,-14,-4,0,2,-2,0,P
-2,1,2,0,5,8,1,2,P
0,1,-1,-1,-1,14,4,-1,P
4,-2,1,-2,-2,-27,-11,0,P
1,-1,0,-1,-1,0,-3,-2,P
4,13,-3,0,-1,4,6,1,P
-1,-10,2,1,2,-8,-1,-3,P
-8,1,1,1,1,7,2,-1,P
1,-5,0,-2,-3,5,3,6,P
-4,-5,-4,-2,-4,0,0,-4,P
-10,2,1,-1,-9,-34,-19,-10,P
-7,-1,-9,-4,-3,4,3,1,P
-4,-7,1,3,-2,-3,0,1,P
-6,-3,2,-1,-2,-7,-4,-3,P
2,2,-3,-1,3,10,-3,-2,P
5,-4,0,-1,0,0,3,-3,P
3,6,0,-4,-1,5,0,1,P
12,0,1,1,2,19,9,2,P
0,-7,-3,2,3,-14,-5,1,P
18,-2,3,0,3,8,-2,5,P
6,4,-5,1,-5,-12,1,-1,P
5,-4,-21,-7,-2,-4,-6,-3,P
-3,0,7,-2,0,5,6,-5,P
-2,3,6,2,-3,12,6,6,P
-7,1,5,1,1,-30,-5,0,P
7,-1,-34,-16,-6,-11,-6,-2,P
0,-2,12,9,7,29,2,-1,P
-9,-2,3,1,-11,-33,-11,-12,P
7,5,12,5,4,10,1,5,P
-8,3,8,4,-2,-20,-8,-2,P
-2,-1,-15,-10,-7,0,0,4,P
-7,-4,-6,-1,3,12,6,-2,P
-8,0,-1,-3,-2,9,0,-7,P
6,-4,6,2,5,-7,-2,3,P
-17,-6,-8,-6,-9,-3,-9,-2,P
3,6,4,1,0,1,-1,4,P
-2,2,-8,-3,-4,-1,-4,-6,P
-2,-7,7,3,4,19,9,0,P
13,5,2,-1,-9,-20,-5,2,P
10,-4,-8,-2,-1,-9,-5,-4,P
5,-1,3,0,4,28,5,-5,P
-8,-4,-8,-1,-3,-11,-8,-5,P
-11,-9,-11,-3,-1,-2,6,2,P
-11,-1,-9,-2,6,10,1,1,P
-32,-2,16,5,-1,9,2,-2,P
-29,0,2,0,-6,-10,-5,-3,P
-24,2,-6,-1,0,2,1,2,P
-9,1,-2,-2,0,5,-2,4,P
-22,0,-3,-1,6,4,4,-7,P
9,-2,-1,0,1,-10,-3,2,P
0,-4,-4,-3,-2,-12,-14,-6,P
2,2,-2,1,4,15,7,0,P
8,-1,-1,-3,-9,-27,-13,0,P
0,-1,5,0,-1,-1,2,-2,P
12,3,1,1,2,14,10,0,P
8,-3,-1,-1,-2,-6,-3,-1,P
7,-6,-6,-4,-1,-7,-6,-2,P
2,1,5,2,4,14,4,1,P
12,3,1,1,-1,5,3,3,P
1,-4,0,-1,-3,-5,-2,-2,P
11,0,-5,-4,-5,0,0,2,P
13,-3,2,-1,-5,-11,-4,-3,P
18,0,3,0,0,-2,1,0,P
10,4,5,-1,-6,-15,-7,-3,P
8,-8,-13,1,0,-8,0,0,P
-12,1,0,-7,2,13,1,-4,P
0,-12,-5,3,-5,0,-1,1,P
-7,-2,0,-1,0,0,-3,-1,P
3,-1,2,-1,2,6,3,0,P
-14,1,5,0,-3,-2,0,0,P
7,4,-5,-4,3,-5,2,1,P
3,-9,-4,-2,3,21,5,0,P
19,4,1,-3,-9,-29,-10,0,P
25,0,1,-1,-2,2,-2,-3,P
8,-4,-2,-4,-1,-7,-2,-2,P
12,2,32,0,-2,-13,12,10,R
0,-4,-4,6,9,10,-15,-5,R
0,1,-2,-1,-3,-5,-2,-5,R
3,-1,-2,-4,-3,1,10,9,R
-8,1,-6,-3,-2,2,-5,2,R
5,0,-1,-6,-7,-22,-6,1,R
0,5,5,0,1,-5,-9,-2,R
-14,-8,-5,4,8,26,14,-7,R
1,-2,-9,-2,-1,-12,0,-2,R
-5,-3,1,4,5,5,3,5,R
0,-3,-6,0,-5,-19,-6,-5,R
-1,4,2,-9,-4,10,8,2,R
0,2,8,3,3,14,5,-6,R
5,-14,-7,-2,-1,-13,2,6,R
4,26,8,1,0,6,3,5,R
2,-4,-17,-3,-10,-9,0,1,R
-12,-11,4,2,-1,-1,0,2,R
-7,2,-16,-6,0,17,17,0,R
2,-19,-6,0,0,-9,15,-1,R
1,-1,9,11,11,-1,-31,-3,R
-4,2,-5,-4,-1,-8,4,-7,R
-3,1,-3,-2,0,5,-25,-3,R
-4,-5,-3,-1,-4,0,-9,-6,R
1,0,1,-4,-1,4,9,7,R
-5,-17,3,-5,-3,1,6,5,R
6,14,3,7,2,-10,-5,-6,R
1,1,-1,-8,-10,-20,-15,4,R
-3,-1,-4,-5,-7,-8,-6,-8,R
2,0,-1,-2,-4,3,11,0,R
-3,-13,-6,1,-3,-2,19,3,R
4,16,17,8,14,21,13,1,R
4,2,-8,1,7,18,-17,4,R
-10,-5,-25,-2,2,-2,-7,-3,R
1,5,0,-2,-1,-7,-3,-4,R
-1,-6,1,4,2,7,15,3,R
-4,-4,-5,-1,-2,-4,-2,-6,R
0,2,4,2,3,7,-2,-8,R
7,0,-1,-2,-9,-47,-28,-4,R
2,-2,-10,0,5,52,39,4,R
1,10,8,0,-2,2,3,-1,R
-2,-5,2,0,-3,-7,7,10,R
-10,-8,-7,-5,-6,-7,-37,-23,R
-2,-6,2,0,5,10,-1,-1,R
-11,1,1,5,3,-2,9,10,R
0,12,10,3,3,8,24,7,R
-3,-5,-1,-7,-6,1,-11,-3,R
1,-22,-3,1,3,-19,-25,3,R
-4,20,5,-4,-7,3,4,-14,R
9,5,2,2,1,2,-4,12,R
-20,-3,-28,-8,1,26,43,5,R
-4,-1,-10,-8,-7,-19,-14,-5,R
2,-18,-8,-3,-1,-17,-16,3,R
-1,2,11,7,0,-12,-3,-10,R
-1,-2,9,-1,1,18,-2,2,R
-1,3,-3,-1,-1,-29,-22,0,R
-2,-9,8,-1,0,20,26,-6,R
-32,-2,-11,-4,0,1,1,-6,R
20,0,4,3,2,11,21,-9,R
6,6,-2,-3,-6,-9,-28,10,R
4,-2,6,5,-7,-38,-30,-2,R
1,-2,-2,-2,3,11,-2,-30,R
-2,-4,6,2,1,9,10,18,R
-8,-2,-3,-3,-6,2,7,-10,R
-11,-12,-4,1,3,-7,5,3,R
13,4,0,-2,-10,-13,-10,10,R
-3,-13,-13,1,1,2,-1,-2,R
3,29,-14,1,2,-3,7,-8,R
-7,-11,-6,-4,-6,-3,0,-4,R
-1,-1,-5,-1,5,3,-28,-9,R
2,3,0,-1,1,5,0,2,R
-7,-13,7,-3,-9,-15,-10,-1,R
6,-2,4,2,6,27,14,-5,R
8,8,-6,-4,-7,-18,-13,7,R
-3,2,5,-1,-1,-14,-10,-1,R
-4,-2,6,1,2,10,9,-9,R
4,2,-5,-1,-4,-16,-19,-15,R
-8,-8,2,0,0,10,8,1,R
-6,10,9,4,3,-13,13,-9,R
-12,-10,-2,-1,0,9,-4,7,R
10,4,-5,-3,0,0,4,9,R
-3,-7,-1,-1,-2,-11,-15,-4,R
3,2,17,4,3,15,9,3,R
-6,-5,-10,-4,-5,-21,-5,-10,R
0,-2,-1,0,1,18,15,11,R
0,-7,-1,-1,0,6,-6,-3,R
1,9,0,-5,-7,-15,1,10,R
7,-3,6,1,0,11,-16,-6,R
-4,-3,13,-5,-5,-10,-19,-4,R
3,5,-4,1,-4,-35,3,3,R
0,-10,-7,1,9,33,13,1,R
2,-2,-1,-1,0,6,19,2,R
4,5,-5,1,2,3,11,8,R
-18,-7,-6,-8,-5,-6,-1,-24,R
-2,4,0,-1,2,12,-11,-4,R
4,1,-2,0,-8,-22,-5,5,R
-4,-11,0,7,14,33,19,1,R
15,4,10,2,-2,-7,-1,-1,R
8,2,-24,-12,-9,-8,-18,6,R
0,2,9,-1,-2,-2,16,1,R
1,2,-5,5,5,7,-8,-10,R
4,3,-2,3,12,16,3,-1,S
-17,-4,-7,-12,-25,-24,5,-6,S
1,-5,5,2,1,-6,-2,-2,S
12,-1,-4,-5,-5,-10,-34,1,S
0,-2,3,3,6,14,17,2,S
4,1,-3,-4,-6,-5,-6,-6,S
-18,-6,-7,-7,-5,2,23,-4,S
-4,10,15,2,1,-1,-7,-7,S
14,0,-10,-6,-7,-6,4,19,S
14,-8,-5,3,8,5,1,5,S
21,-3,-10,-3,-5,-8,-56,3,S
-17,-5,-2,5,9,8,13,-12,S
-13,1,-2,-9,-9,-10,6,-11,S
2,3,2,2,3,9,13,6,S
-12,4,6,7,4,-11,-56,-11,S
30,0,-6,-12,-13,-2,15,15,S
-8,-3,-3,0,-4,-5,-26,-3,S
0,-2,5,4,3,2,18,0,S
-3,0,1,-3,-6,8,34,4,S
-24,-1,-3,0,4,16,-2,-21,S
0,-3,2,-3,-17,-28,-35,10,S
-1,-4,-2,-4,4,-7,-2,0,S
2,1,0,1,-3,-4,38,4,S
-10,3,0,-1,5,-1,-30,-17,S
10,-4,-3,0,3,5,-31,2,S
36,-1,2,4,3,6,30,-8,S
-6,-2,-1,-2,0,4,-3,6,S
16,1,-5,-4,-6,-9,-22,1,S
-23,3,8,-1,-1,0,2,-7,S
-6,0,-1,5,4,-1,-21,-9,S
0,-3,-3,-5,-3,5,16,-6,S
25,-2,-3,-3,0,-11,-54,-1,S
-23,-6,-4,0,1,9,37,-4,S
-9,-4,-4,0,-3,-9,-16,-1,S
-37,-2,-1,0,3,10,-16,-22,S
12,20,6,4,3,2,50,26,S
22,-9,-1,-1,-1,5,50,11,S
-1,-1,0,0,2,-15,-49,8,S
3,3,-5,2,0,4,44,2,S
-11,-11,-2,-1,4,22,-10,-10,S
-13,3,-4,-6,-14,-34,0,-5,S
-7,0,0,-8,-6,6,35,-4,S
3,-2,-1,5,6,-3,-21,5,S
16,0,0,2,-3,-4,-7,-5,S
-11,0,2,5,5,7,0,12,S
-24,-6,-2,-5,-2,-5,-26,-15,S
22,-1,1,-7,-8,-9,-21,3,S
2,1,3,5,13,11,13,8,S
0,3,-5,-9,-13,-4,-18,14,S
-20,-2,-4,-9,-28,-32,-44,-22,S
-8,-8,-7,-4,-4,-5,-30,9,S
4,-8,-4,-6,-7,14,59,2,S
13,2,2,3,9,-8,-9,-1,S
-23,1,1,-1,7,18,46,6,S
5,3,2,-2,1,-3,6,-4,S
-14,-9,-4,-2,-9,-9,-14,-10,S
-1,-1,-4,-2,1,15,-12,4,S
8,0,-1,-2,0,10,27,-13,S
1,-5,-5,-4,-2,-13,-9,2,S
-4,-2,1,-5,-6,-11,16,10,S
-2,4,-4,3,2,0,-44,-22,S
22,2,10,4,10,11,23,26,S
10,5,1,2,2,3,-11,-8,S
-15,-9,-6,3,2,10,16,-3,S
-10,-8,-8,-8,-9,-13,1,-8,S
-11,0,0,-6,-4,5,13,-3,S
22,3,0,1,3,-3,-26,6,S
-26,-5,0,-6,-11,-17,13,-3,S
15,3,2,-2,-6,-7,-89,-4,S
-14,-4,-8,-6,-3,-5,-10,-17,S
-2,3,6,3,0,10,50,10,S
12,6,6,-2,3,-3,6,-4,S
-15,-16,-15,-1,7,19,8,0,S
2,2,-1,-3,-5,-27,-4,15,S
2,-3,-5,3,2,0,6,2,S
-12,-2,-1,3,3,9,-33,-11,S
-3,4,-2,-4,-5,-12,60,-3,S
3,1,8,2,-5,-3,-17,-1,S
-18,-4,-1,-4,-1,0,14,-7,S
4,0,-1,0,-4,-7,-21,1,S
-12,2,8,3,5,0,7,-15,S
25,-2,-7,2,6,9,6,9,S
-32,1,1,1,-4,-4,-40,-20,S
11,-3,-9,-1,-7,-16,22,3,S
6,-2,-3,2,8,9,18,1,S
-17,8,3,0,1,2,-3,-1,S
26,-3,0,2,7,16,-5,6,S
-20,-9,-11,-4,-1,-9,-13,-16,S
-8,-2,7,3,1,-15,-30,-21,S
13,1,-7,-7,-18,-22,13,5,S
-6,0,3,-4,-3,-4,-16,-5,S
-31,-2,0,-1,1,7,38,-5,S
24,5,7,1,4,9,-27,16,S
0,-13,-16,-7,-7,1,24,8,S
-38,-1,-2,-2,-3,-2,11,-21,S
0,0,3,-3,-4,-1,17,9,S
25,3,-4,-3,-3,3,25,13,S
-36,-4,7,4,11,10,-41,-12,S
24,2,-6,-5,-11,0,41,8,S
-9,2,19,4,4,5,-43,-8,S
5,-1,-6,4,10,-12,6,5,T
-2,-10,-11,-8,-5,0,0,0,T
3,0,13,-1,0,1,-8,-13,T
6,0,2,4,-6,-8,8,2,T
-1,2,3,7,5,21,-6,-8,T
6,9,6,2,1,-21,-6,2,T
-5,-8,-22,-9,-1,0,12,13,T
-3,1,1,-2,-2,0,-22,-13,T
18,-3,0,-2,3,6,24,25,T
-2,22,-1,-1,-2,9,0,-12,T
5,-16,11,3,-1,-21,-2,3,T
-9,1,-1,-1,1,-1,-2,-11,T
-9,-1,-8,0,-7,-3,-6,-9,T
-5,-8,-5,-4,4,18,5,0,T
-5,-2,-5,-3,-3,-6,0,5,T
10,-3,4,1,13,28,6,-1,T
-4,4,4,-10,-25,-61,-26,-5,T
-1,-9,-36,-2,-1,6,-10,3,T
-22,-9,6,6,2,0,-1,-22,T
-1,-2,-6,-6,-5,-3,8,7,T
4,4,12,9,9,20,5,3,T
-3,-9,5,3,3,-2,-1,6,T
-5,9,-3,-1,2,-3,-12,-22,T
16,0,-7,1,-3,0,6,27,T
0,-11,-10,-2,1,1,-7,-17,T
-15,-3,1,-2,-2,-6,-2,-17,T
10,21,16,3,1,0,4,15,T
-6,-25,-18,-8,-2,4,1,5,T
1,6,5,2,2,45,4,-3,T
4,-6,-11,-5,-8,-40,-6,6,T
-14,-12,-6,-4,4,13,6,-2,T
-14,12,9,1,-5,-8,-6,-3,T
13,2,7,3,4,1,-5,4,T
-2,-3,3,2,10,31,17,10,T
1,3,0,0,-1,-13,4,-7,T
-11,-1,-12,-7,1,12,4,1,T
20,-5,1,4,-1,-21,-6,12,T
-3,9,-9,1,-2,-1,-8,0,T
-4,6,12,1,0,-3,-9,-12,T
19,-10,-23,-5,-6,-1,1,-4,T
-10,-1,11,-4,0,4,-3,-2,T
7,-1,-2,0,-5,-15,-7,-10,T
-7,-2,-8,-4,-1,2,-4,0,T
-7,9,17,5,5,-2,-4,-23,T
-1,-2,-17,-4,-7,-8,10,16,T
-7,-1,5,-1,2,21,1,0,T
6,-11,-11,2,-1,-23,-5,5,T
0,18,14,0,-6,-2,-15,-7,T
-10,-26,-5,-7,-4,7,6,-11,T
-2,-5,8,-4,-10,-10,10,13,T
-2,-5,-10,-3,-7,-5,-13,-9,T
7,-1,3,-2,-2,-2,5,8,T
-10,17,-8,-3,-3,-15,-12,-4,T
14,2,5,-4,6,7,5,7,T
3,-13,-12,-8,-11,7,0,3,T
1,2,-18,11,18,26,7,10,T
-5,2,1,-5,-18,-50,-8,-10,T
10,-2,-1,-1,4,12,-4,-11,T
-3,0,0,-4,0,-7,8,-5,T
-3,-5,4,1,7,34,6,-4,T
7,2,-1,-1,0,-12,-7,-20,T
7,-1,0,3,2,-2,-3,16,T
-7,-2,1,-2,-9,4,-2,3,T
8,-3,-2,1,2,-12,3,6,T
-27,-11,-4,3,1,6,-7,-13,T
7,24,-5,-11,-15,-6,-3,4,T
-10,-28,-8,-7,1,7,2,-10,T
-10,-3,9,5,1,-14,-3,-4,T
6,7,3,-1,8,20,0,13,T
-11,-7,-6,2,-5,-11,-3,-4,T
-2,14,8,5,4,23,11,-12,T
4,1,2,-4,-6,-32,-12,-3,T
-2,0,-5,-2,7,9,-1,-1,T
-2,-3,-2,0,1,2,-6,-14,T
-1,2,-6,-1,-1,11,10,19,T
9,-3,16,-2,-11,-19,5,15,T
-4,-3,0,-3,-6,3,4,4,T
-17,-2,3,7,13,-1,-21,-37,T
1,0,0,-3,0,-7,7,2,T
15,4,4,-9,-13,4,-1,-11,T
-15,-4,-6,0,9,10,13,9,T
5,-7,-3,-13,-25,-22,-10,-13,T
0,8,3,1,0,-7,-14,-1,T
-5,-11,-11,1,2,-6,-3,-1,T
-3,2,0,-5,-7,-4,-5,-20,T
-9,-11,0,4,6,9,0,4,T
4,29,-5,5,4,-3,-5,-5,T
-5,-16,-4,-2,-3,-5,-2,0,T
18,-4,2,-3,-4,1,6,23,T
-9,-5,-8,3,10,7,1,-2,T
19,5,-1,0,-10,-5,13,23,T
-19,-2,-8,-10,-16,-28,-11,-25,T
2,2,1,3,4,15,7,14,T
5,4,0,3,0,-17,3,-7,T
-6,-8,12,-5,-1,26,-3,-11,T
5,3,-2,2,-1,-15,-14,10,T
-2,-1,3,-3,-2,8,8,-9,T
-6,-3,0,-5,-8,-25,-1,4,T
2,-6,-3,3,6,4,-4,-11,T
-12,0,0,4,7,18,18,10,T
-2,-6,-14,-8,-2,-8,-17,-1,U
3,2,1,-2,0,8,9,4,U
12,-4,11,4,1,8,2,3,U
-5,-6,-21,-8,-1,-4,4,-5,U
1,4,32,15,9,1,-10,-1,U
-3,-3,-9,-2,-3,1,14,0,U
-5,-9,-24,-9,-5,-19,-13,-1,U
0,2,5,-4,-7,11,7,-5,U
5,6,3,6,8,19,16,4,U
3,-1,-17,0,6,2,-5,6,U
-1,2,1,-4,-7,-14,2,2,U
-5,-4,-1,1,4,7,-8,3,U
-4,2,-8,-4,-6,-15,1,-11,U
-2,-1,8,1,1,13,-11,-9,U
-5,-2,0,4,4,-11,2,8,U
-3,1,2,2,-1,-13,-53,-13,U
3,-5,-15,-3,-4,1,12,7,U
-2,-2,-1,-4,-4,-14,-25,-13,U
-3,7,8,11,4,6,-6,-10,U
-5,-23,-10,-11,-3,-8,-1,1,U
4,10,1,0,0,-15,-24,0,U
-4,2,18,2,2,21,50,9,U
0,-2,-2,0,3,2,19,3,U
0,-4,0,-3,-5,-24,-59,-8,U
-2,-2,6,1,2,1,18,6,U
4,-6,-8,-2,2,-1,6,2,U
-9,3,-5,-3,-7,-13,-3,-1,U
-3,-6,1,-8,-7,-5,-14,-6,U
6,-1,10,9,4,-31,-15,4,U
-7,-1,-7,-5,-1,44,5,-4,U
2,-3,-7,4,9,7,4,3,U
3,6,-3,0,2,7,25,7,U
-2,-3,-11,-1,-6,-4,-7,-3,U
-4,-11,2,-10,-5,-4,11,4,U
3,2,3,2,-3,-4,-6,-2,U
-16,-12,-10,0,2,9,18,-1,U
1,1,-2,2,1,5,11,-4,U
0,5,1,0,-8,-27,-16,-5,U
0,-4,1,-5,-2,14,-4,-1,U
-3,-15,0,5,4,0,14,-5,U
1,26,9,10,6,11,-25,-1,U
-8,0,5,-2,-8,-26,-14,-4,U
-2,-5,5,-4,2,16,18,0,U
7,5,-8,3,3,4,21,1,U
0,-9,-9,-14,-8,4,-10,4,U
4,6,14,9,8,-16,-17,0,U
-1,2,-18,-6,-9,4,8,-6,U
4,2,-1,2,-1,-7,5,6,U
-5,-13,-13,-9,2,25,-1,-2,U
1,6,-9,-2,-7,-16,6,-7,U
-2,-8,-4,-4,-4,-10,10,2,U
-1,7,4,5,2,5,-21,-7,U
-4,-1,12,-2,2,-4,1,1,U
0,-8,-5,3,4,0,5,2,U
-14,-7,2,4,0,-13,-16,-8,U
1,-4,-12,-7,2,30,18,2,U
-3,0,10,2,-3,-23,-17,-3,U
1,1,-2,1,4,13,-6,1,U
-4,-1,6,-6,-6,-7,-21,-2,U
-2,3,-4,1,0,-4,10,3,U
-2,-4,-5,-9,-11,-20,-27,-6,U
-6,-3,-7,3,5,4,16,-4,U
3,-17,-14,-6,3,28,-9,-1,U
2,27,7,2,-2,-7,7,-2,U
5,0,3,1,0,12,9,10,U
10,1,-11,5,6,1,18,-2,U
-1,4,15,0,-7,-28,-5,-1,U
10,-7,18,-5,0,4,-24,-11,U
-6,-4,-15,-7,-5,-7,5,-2,U
-1,7,10,-1,-4,8,15,-2,U
4,-5,-12,0,0,-14,-14,0,U
-6,-14,13,-2,-5,-4,-3,2,U
1,2,3,13,5,-5,5,-2,U
-1,-2,5,-6,-1,12,-16,0,U
1,7,-1,2,1,-7,18,0,U
-9,-3,-10,-1,-3,2,5,2,U
18,5,12,-2,3,19,11,2,U
-4,-4,1,3,-2,3,3,2,U
-2,5,9,4,3,-3,-2,-2,U
5,6,-4,-5,-5,-16,-14,-1,U
-2,-28,-6,-4,-6,-3,11,3,U
-9,31,6,-5,-5,-17,-39,-18,U
4,-3,-8,0,4,7,-8,3,U
-3,3,-1,2,-1,-3,14,5,U
-7,-5,-2,5,3,7,-3,-4,U
3,-10,-11,-6,-8,-23,-8,7,U
-3,0,8,0,0,4,-6,-4,U
-1,-1,4,-4,3,4,-6,2,U
-6,-1,-2,1,0,0,-11,-9,U
15,-3,-8,-1,0,-3,-3,0,U
4,11,31,12,0,-9,-2,8,U
-3,-15,-39,-11,-2,5,23,-1,U
-18,-5,-7,-3,-1,-1,6,-8,U
0,-6,-1,-6,-9,-8,46,3,U
-1,6,-3,3,7,30,-19,-7,U
3,5,4,0,-2,-4,-14,2,U
-7,0,20,0,0,-2,-6,0,U
-6,-4,-3,5,8,5,1,-7,U
1,-7,-7,-15,-15,-18,3,-2,U
-3,-4,3,1,-3,-10,-2,-3,U
-1,-2,-3,1,3,7,-9,0,V
-1,2,-4,-12,-11,-9,-20,0,V
6,1,3,3,3,-4,-10,-10,V
-6,8,-3,1,0,0,0,-1,V
-13,-21,0,2,0,-10,-15,-5,V
16,16,6,6,4,11,22,3,V
36,-5,33,6,0,2,1,7,V
1,2,-14,-8,0,6,-23,-1,V
3,36,-2,-4,-2,-2,14,6,V
-6,-35,3,4,3,-6,-38,-1,V
-11,-2,-18,-5,0,2,21,-3,V
22,8,6,-3,-7,-10,-20,-8,V
1,-28,-10,-8,-8,-19,0,1,V
11,7,-7,9,13,19,12,7,V
-8,6,-13,-12,-13,-22,1,-4,V
-11,-9,19,3,2,3,-5,-3,V
-1,5,-6,-2,-4,-6,12,-5,V
-18,-5,1,-9,-7,5,11,-3,V
-5,10,-1,1,-3,-18,-36,-6,V
-2,-6,-1,1,4,15,38,11,V
-1,-5,4,-1,2,18,10,1,V
-8,8,-1,-1,-2,-17,-13,-2,V
-6,-15,1,4,2,4,-9,-2,V
-3,-45,-5,-1,2,1,-1,4,V
-23,-5,11,-4,-6,-14,-28,-7,V
9,-5,5,0,2,1,-9,0,V
12,0,-1,-1,-1,-3,-2,-2,V
-5,-8,-2,-3,-4,-4,9,0,V
-6,-6,-8,4,3,6,31,3,V
0,5,-8,-4,-8,-11,-4,-2,V
-4,-9,7,-4,-5,-13,-21,-1,V
-12,27,-2,0,-1,9,20,-3,V
8,-1,-5,-1,1,16,-26,-6,V
-7,-7,2,-2,-2,2,30,1,V
4,4,-2,3,5,9,13,4,V
-5,-11,-4,-2,-3,-13,-14,1,V
5,-2,0,-4,-1,5,12,13,V
2,8,-1,10,9,5,-13,-8,V
-9,-18,-4,-11,-7,-27,-17,-4,V
4,29,28,0,-10,13,12,-2,V
5,0,-5,-1,-1,4,3,-1,V
-12,-5,-2,0,3,-1,-3,-1,V
16,0,-4,3,0,3,18,-1,V
15,-4,3,0,0,-10,-33,-1,V
-8,-26,-4,0,-2,-17,-12,-4,V
-5,18,6,-2,0,19,4,6,V
-21,-23,-17,-6,1,-18,-43,-17,V
20,-7,-10,-1,7,33,48,10,V
-9,3,0,-11,-14,-22,-3,-4,V
4,-9,-1,1,0,-8,-4,-1,V
17,18,0,8,7,14,7,9,V
-58,-7,-4,-9,-9,-35,-34,-9,V
17,13,-1,3,5,32,5,2,V
1,-9,-1,-5,-3,0,24,8,V
1,12,-5,6,-1,3,5,-5,V
-13,-80,11,3,4,-6,-19,-10,V
11,34,-1,-6,-2,-7,1,0,V
2,1,-5,0,-1,4,8,-1,V
-10,5,0,-1,-3,10,-26,-8,V
5,-23,-10,0,2,-2,38,5,V
-1,20,6,3,-1,-15,-25,-2,V
0,6,0,0,3,23,12,-10,V
11,-4,-4,1,5,-5,-26,12,V
-9,24,-1,4,-1,1,39,-14,V
2,-16,-2,0,5,13,12,1,V
3,-2,-10,-6,-10,-27,-4,8,V
-13,-5,3,-2,5,37,7,0,V
-8,6,-6,6,-1,-25,-64,-5,V
1,14,-2,-12,-13,-26,7,-2,V
22,11,19,-3,8,2,-10,-2,V
4,-11,-8,-8,-19,-17,-24,-5,V
9,10,-2,3,6,17,15,5,V
4,10,6,0,-6,-9,12,-1,V
-5,-24,3,-2,0,8,-11,-3,V
-24,2,7,-2,-2,-14,7,-8,V
17,18,-10,-3,-1,-5,-19,0,V
-11,-25,-3,5,1,-6,1,2,V
-34,-15,-14,-6,-3,9,-9,-7,V
21,7,-6,1,-1,-33,-27,-3,V
-5,-15,-1,-7,0,25,0,-6,V
-1,-10,-5,6,3,7,2,5,V
-25,-15,-10,-5,-6,-23,-3,-4,V
-3,18,7,-4,-3,8,9,1,V
9,15,2,3,3,-29,-16,9,V
4,-9,-7,2,15,69,34,2,V
1,-20,11,-1,-7,-10,-14,-7,V
-1,19,8,5,6,11,27,-4,V
13,-37,-2,-3,-2,3,-1,3,V
-20,84,5,4,1,-5,22,-3,V
1,7,-6,3,-3,-8,-22,5,V
-21,-18,-5,-2,1,11,32,2,V
-5,-1,-11,-2,-7,-28,-35,-8,V
7,-24,2,-9,-6,-2,-23,-5,V
-11,9,-1,-2,-2,0,-3,-2,V
-23,-9,3,-2,-4,-5,26,6,V
12,9,-2,-3,2,18,30,2,V
-9,-27,-3,8,5,-15,-53,-7,V
17,4,-3,0,-1,2,28,8,V
-3,-8,-3,1,4,11,12,1,V
-2,8,4,-4,-1,3,15,-2,V
4,4,-6,-8,-9,-2,1,0,W
-4,20,-3,-4,-6,-11,-37,-5,W
-2,-5,-1,1,1,3,9,0,W
-2,-2,-1,0,2,4,18,1,W
-4,-8,2,7,5,2,10,0,W
16,1,0,0,0,-9,12,10,W
-6,3,-3,-6,-9,-3,-14,-9,W
-23,-10,-4,-4,-2,3,15,-9,W
-1,-18,-3,-5,-3,-9,-12,-1,W
6,25,1,2,-1,0,-41,-5,W
1,-4,-1,3,1,-5,25,5,W
1,0,1,0,2,7,25,4,W
-20,-25,-3,-1,-6,-14,-93,-21,W
20,-1,2,-2,-2,-8,0,3,W
-13,2,0,-1,2,11,46,12,W
14,19,5,1,4,10,17,1,W
5,-9,-1,-5,-7,-10,-15,-2,W
-8,14,-5,-4,-2,3,6,-4,W
6,10,-4,-5,-2,-2,-17,-4,W
7,-32,-2,1,0,-2,-4,2,W
5,77,9,2,3,8,71,7,W
-11,-15,0,2,1,2,-44,-2,W
5,6,0,2,1,-6,19,-2,W
-6,-16,-5,1,-3,-10,-15,-4,W
-30,-37,-4,0,2,7,11,1,W
42,37,11,4,-3,-18,-61,-7,W
-5,0,-14,-2,1,4,42,5,W
-3,-2,-8,-9,-9,-9,-23,-5,W
-5,-1,1,-1,-6,-17,-24,-7,W
-8,-14,-5,1,1,-3,12,2,W
1,-4,3,-3,-1,20,17,-2,W
-1,13,4,3,3,-6,-26,-3,W
10,-3,-5,1,4,5,7,6,W
-13,-7,-4,-2,-1,1,29,-1,W
-13,-37,6,1,-4,-13,-20,-5,W
30,10,-7,-4,0,15,62,10,W
10,11,4,-5,-5,-21,-40,-12,W
-8,17,0,4,5,9,21,7,W
-17,-11,19,-2,-2,-5,-9,-2,W
-8,-6,-2,1,2,1,0,-1,W
10,6,-4,-2,-2,0,-4,-2,W
-8,-16,-4,-7,-6,8,29,3,W
-13,-33,-9,0,-1,-12,-45,-2,W
-12,28,1,-1,-3,-4,-3,-11,W
0,7,1,2,1,9,65,5,W
-6,-5,1,4,8,20,38,4,W
2,11,-3,0,-1,-19,-61,-3,W
-27,-8,-3,-9,-11,1,34,-9,W
14,-38,-11,-6,-4,15,28,6,W
15,57,8,-7,-5,-10,-33,-9,W
0,5,0,2,1,5,-10,2,W
7,-4,-1,3,3,-2,-5,14,W
-13,18,-12,2,1,-11,-47,-16,W
-4,-31,-1,-8,-5,2,6,-1,W
10,23,-10,-5,-5,-9,5,-5,W
3,-1,-1,6,5,3,-8,-2,W
-26,-24,28,3,3,5,-11,2,W
2,13,-2,4,2,-12,-44,1,W
-3,5,-8,-2,2,8,43,-10,W
23,-6,0,4,5,10,25,13,W
-4,-36,-4,-2,-3,1,40,2,W
-1,32,2,-1,-2,0,-5,-3,W
3,7,1,-3,-2,0,-4,-3,W
-6,0,13,-1,-3,-9,-15,-3,W
5,-7,-5,-1,-2,2,-11,0,W
-8,-30,-6,-5,-8,-8,-23,-6,W
16,4,0,1,6,5,-11,9,W
0,-19,-7,-5,-4,2,8,-4,W
3,34,5,-1,0,-8,-55,3,W
1,-10,-5,2,2,3,15,6,W
-15,0,-1,-1,-4,-13,-4,-10,W
-6,-16,4,1,-1,-1,-21,-2,W
1,17,-6,-3,-1,-5,0,1,W
-19,-20,-7,0,1,2,34,-5,W
2,-8,35,2,-1,-2,-33,-6,W
19,-5,-4,-1,2,-2,31,7,W
8,61,0,-3,-2,-1,-12,-1,W
4,-7,0,2,2,-5,2,-3,W
-10,4,-5,-2,-6,-21,-8,-1,W
-12,7,-2,-2,0,17,7,-2,W
4,-34,-2,3,2,1,34,1,W
2,-11,-2,-5,-6,-7,-22,-9,W
6,32,-6,-6,-5,0,38,2,W
4,-13,-3,-3,0,2,-26,2,W
-2,-4,-8,0,-2,3,45,3,W
-9,-28,-4,-2,-7,-28,-75,0,W
5,22,-5,-1,0,28,68,5,W
-12,-26,-3,0,-1,-6,-15,-6,W
-4,25,20,-3,2,0,-37,-2,W
67,-19,-5,4,2,-4,22,7,W
1,-7,-4,0,-1,-6,-18,2,W
-6,15,-11,-5,-3,-8,-54,-7,W
2,-1,-13,3,-2,-3,38,5,W
-28,-34,-9,-10,-5,2,19,-1,W
17,33,0,1,4,4,-17,6,W
0,9,1,0,0,-1,4,-7,W
-18,-28,-5,-3,-2,-13,-2,-6,W
0,25,2,-3,0,12,-27,3,W
-5,-26,-14,-6,-3,-5,-11,-4,W
-14,0,3,0,-1,2,8,0,W
-3,-13,-26,-5,-2,-4,0,-3,Y
-8,-16,-12,-2,-2,0,-8,-12,Y
1,-2,-6,-2,0,-1,6,7,Y
5,10,21,8,-1,0,12,19,Y
-3,-15,-19,-8,0,3,0,2,Y
3,10,10,5,4,0,2,-3,Y
-5,-6,2,-1,-2,5,0,-7,Y
-6,-4,-5,-4,-3,-7,-26,-33,Y
1,2,-13,0,-3,-13,1,0,Y
-2,0,7,-5,-4,-2,6,10,Y
-2,4,5,-1,1,15,1,1,Y
1,-5,-7,-2,-6,-17,-6,-2,Y
0,11,16,6,5,7,0,4,Y
-2,-7,-7,-2,1,12,1,-11,Y
1,9,-4,1,-3,-8,-6,7,Y
-2,-9,-2,-4,3,9,1,-6,Y
-2,14,2,-5,-4,-5,-9,-15,Y
2,-14,-37,-12,-5,-4,10,21,Y
-2,-5,5,4,2,-2,-3,-10,Y
-4,-8,-9,1,3,2,0,3,Y
4,3,9,3,2,9,3,4,Y
-4,12,32,3,-6,-10,-10,-8,Y
0,-4,-47,-14,4,13,-1,-9,Y
-2,-17,3,4,-2,-15,1,10,Y
-1,2,-4,-10,-4,0,-6,-4,Y
-3,5,10,5,-3,-3,-4,-7,Y
-3,6,8,-1,0,-1,-6,-8,Y
-4,-4,-7,-2,3,17,-4,-26,Y
-3,-3,-2,0,-5,-22,-4,19,Y
-1,-1,-6,-3,3,14,-3,-16,Y
-1,-1,0,-1,-3,-8,-4,-1,Y
3,-1,-2,-2,-8,-16,4,15,Y
2,16,4,6,7,13,10,3,Y
-4,-13,0,-4,-3,-10,-5,-4,Y
3,11,35,5,5,15,13,10,Y
-7,-20,-24,-7,-7,-21,-15,-5,Y
1,7,13,4,1,1,-5,-10,Y
-2,1,-13,-7,-4,-10,-5,16,Y
0,-12,-1,-8,-3,5,4,4,Y
-3,-2,-13,-2,4,2,1,-3,Y
-6,-5,0,5,1,2,-3,-19,Y
1,0,4,0,-1,0,1,9,Y
0,1,-10,-3,-1,-4,-1,1,Y
-1,7,5,0,3,6,-4,-12,Y
1,-11,-13,-2,2,15,15,12,Y
0,4,-2,-2,-2,-17,-14,-8,Y
-3,-4,-15,-4,-8,-22,-9,-10,Y
4,-8,9,2,4,7,8,17,Y
3,52,61,5,-4,-13,-7,-10,Y
-1,-18,-49,-19,0,13,8,6,Y
-8,-34,-34,-1,-5,-12,-12,-13,Y
-2,-2,3,-2,-4,-1,-3,3,Y
1,-7,3,-3,-2,3,-1,16,Y
2,16,18,0,5,18,16,7,Y
2,2,-1,8,1,-3,-4,-7,Y
-1,-4,-11,-6,-1,-2,2,1,Y
2,-3,-15,-2,-5,-12,-5,-3,Y
-2,-3,5,3,-2,-4,-7,-7,Y
-2,-4,-12,-8,-3,3,3,4,Y
2,20,27,6,2,1,8,10,Y
1,-11,-7,-3,2,7,0,1,Y
-9,-19,4,4,-5,-13,-17,-28,Y
3,20,22,5,5,13,9,13,Y
-1,-8,-6,-6,-3,-5,-2,4,Y
-6,-7,-17,-11,-8,-18,-18,-19,Y
3,1,-1,2,2,6,13,16,Y
-1,8,12,-1,-1,-4,-2,6,Y
6,23,14,7,3,15,7,3,Y
-8,-43,-43,-7,0,8,-7,-21,Y
4,-2,-36,-9,-5,-18,-1,4,Y
0,-10,20,8,1,2,1,-2,Y
2,15,-8,-4,-2,0,0,4,Y
-7,-7,7,4,3,4,1,-13,Y
4,4,0,3,5,5,1,1,Y
-1,10,-5,0,6,10,7,2,Y
-3,-19,-11,-1,-9,-17,-13,-11,Y
2,6,6,-4,-1,-5,-4,5,Y
0,4,-1,2,2,24,5,0,Y
1,-3,1,12,3,-23,-10,-3,Y
-2,9,31,3,4,1,-7,-6,Y
-3,-14,-24,-3,-2,-3,1,9,Y
5,-19,-22,-8,-5,1,7,8,Y
-2,23,10,-1,1,9,-4,-11,Y
0,-4,-1,3,3,6,-2,-6,Y
0,23,36,7,3,11,5,1,Y
0,-13,-13,-4,-4,-15,2,7,Y
-5,-12,-28,-14,-6,0,6,-3,Y
-5,-6,8,2,0,-3,-10,-25,Y
4,6,12,8,4,7,13,19,Y
-3,12,37,9,4,3,-3,-8,Y
-1,-12,-21,-12,-6,-7,2,7,Y
-6,-10,-10,3,0,18,4,-5,Y
6,-4,-14,-6,-11,-40,-9,7,Y
-6,8,-3,-4,-6,0,-4,3,Y
2,-17,-16,-4,0,-16,-7,-1,Y
0,11,5,-2,1,3,5,7,Y
2,-12,-25,-5,4,14,7,-2,Y
-3,-4,14,3,-3,-4,-7,-17,Y
0,12,13,0,-1,4,-5,-6,Y
0,1,-7,-4,-4,-7,3,7,Y
